2025-09-11 18:19:16.135+0000 INFO  [o.n.g.f.m.GlobalModule] Logging config in use: File 'C:\Users\Jayprakash Damarla\Desktop\FlawFinder Latest\backend\neo4j-community-5.15.0\conf\server-logs.xml'
2025-09-11 18:19:16.311+0000 WARN  [o.n.k.i.JvmChecker] You are using an unsupported version of the Java runtime. Please use Java(TM) 17 or Java(TM) 21 to run Neo4j.
2025-09-11 18:19:16.312+0000 WARN  [o.n.k.i.JvmChecker] The max heap memory has not been configured. It is recommended that it is always explicitly configured, to ensure the system has a balanced configuration. Until then, a JVM computed heuristic of 2105540608 bytes is used instead. If you are running neo4j server, you need to configure server.memory.heap.max_size in neo4j.conf. If you are running neo4j embedded, you have to launch the JVM with -Xmx set to a value. You can run neo4j-admin server memory-recommendation for memory configuration suggestions.
2025-09-11 18:19:16.312+0000 WARN  [o.n.k.i.JvmChecker] The initial heap memory has not been configured. It is recommended that it is always explicitly configured, to ensure the system has a balanced configuration. Until then, a JVM computed heuristic of 132120576 bytes is used instead. If you are running neo4j server, you need to configure server.memory.heap.initial_size in neo4j.conf. If you are running neo4j embedded, you have to launch the JVM with -Xms set to a value. You can run neo4j-admin server memory-recommendation for memory configuration suggestions.
2025-09-11 18:19:16.508+0000 WARN  [o.n.i.p.PageCache] The server.memory.pagecache.size setting has not been configured. It is recommended that this setting is always explicitly configured, to ensure the system has a balanced configuration. Until then, a computed heuristic value of 3156764672 bytes will be used instead. Run `neo4j-admin memory-recommendation` for memory configuration suggestions.
2025-09-11 18:19:16.857+0000 INFO  [o.n.i.d.DiagnosticsManager] 
                                                                ********************************************************************************
                                                                                             [ System diagnostics ]                             
                                                                ********************************************************************************
                                                                --------------------------------------------------------------------------------
                                                                                         [ System memory information ]                          
                                                                --------------------------------------------------------------------------------
                                                                Total Physical memory: 7.841GiB
                                                                Free Physical memory: 826.6MiB
                                                                Committed virtual memory: 232.8MiB
                                                                Total swap space: 15.59GiB
                                                                Free swap space: 1.014GiB
                                                                
                                                                --------------------------------------------------------------------------------
                                                                                           [ JVM memory information ]                           
                                                                --------------------------------------------------------------------------------
                                                                Free  memory: 47.46MiB
                                                                Total memory: 80.00MiB
                                                                Max   memory: 1.961GiB
                                                                Garbage Collector: G1 Young Generation: [G1 Eden Space, G1 Survivor Space, G1 Old Gen]
                                                                Garbage Collector: G1 Concurrent GC: [G1 Old Gen]
                                                                Garbage Collector: G1 Old Generation: [G1 Eden Space, G1 Survivor Space, G1 Old Gen]
                                                                Memory Pool: CodeHeap 'non-nmethods' (Non-heap memory): committed=2.438MiB, used=1.512MiB, max=5.563MiB, threshold=0B
                                                                Memory Pool: Metaspace (Non-heap memory): committed=23.06MiB, used=22.66MiB, max=-1B, threshold=0B
                                                                Memory Pool: CodeHeap 'profiled nmethods' (Non-heap memory): committed=4.938MiB, used=4.920MiB, max=117.2MiB, threshold=0B
                                                                Memory Pool: Compressed Class Space (Non-heap memory): committed=2.625MiB, used=2.462MiB, max=1.000GiB, threshold=0B
                                                                Memory Pool: G1 Eden Space (Heap memory): committed=46.00MiB, used=9.000MiB, max=-1B, threshold=?
                                                                Memory Pool: G1 Old Gen (Heap memory): committed=32.00MiB, used=21.93MiB, max=1.961GiB, threshold=0B
                                                                Memory Pool: G1 Survivor Space (Heap memory): committed=2.000MiB, used=1.611MiB, max=-1B, threshold=?
                                                                Memory Pool: CodeHeap 'non-profiled nmethods' (Non-heap memory): committed=2.438MiB, used=1.312MiB, max=117.3MiB, threshold=0B
                                                                
                                                                --------------------------------------------------------------------------------
                                                                                        [ Operating system information ]                        
                                                                --------------------------------------------------------------------------------
                                                                Operating System: Windows 11; version: 10.0; arch: amd64; cpus: 8
                                                                Process id: 2968
                                                                Byte order: LITTLE_ENDIAN
                                                                Local timezone: Asia/Calcutta
                                                                Memory page size: 4096
                                                                Unaligned memory access allowed: true
                                                                
                                                                --------------------------------------------------------------------------------
                                                                                              [ JVM information ]                               
                                                                --------------------------------------------------------------------------------
                                                                VM Name: Java HotSpot(TM) 64-Bit Server VM
                                                                VM Vendor: Oracle Corporation
                                                                VM Version: 23.0.2+7-58
                                                                JIT compiler: HotSpot 64-Bit Tiered Compilers
                                                                VM Arguments: [-XX:+UseG1GC, -XX:-OmitStackTraceInFastThrow, -XX:+AlwaysPreTouch, -XX:+UnlockExperimentalVMOptions, -XX:+TrustFinalNonStaticFields, -XX:+DisableExplicitGC, -Djdk.nio.maxCachedBufferSize=1024, -Dio.netty.tryReflectionSetAccessible=true, -Djdk.tls.ephemeralDHKeySize=2048, -Djdk.tls.rejectClientInitiatedRenegotiation=true, -XX:FlightRecorderOptions=stackdepth=256, -XX:+UnlockDiagnosticVMOptions, -XX:+DebugNonSafepoints, --add-opens=java.base/java.nio=ALL-UNNAMED, --add-opens=java.base/java.io=ALL-UNNAMED, --add-opens=java.base/sun.nio.ch=ALL-UNNAMED, -Dlog4j2.disable.jmx=true, -Dfile.encoding=UTF-8]
                                                                
                                                                --------------------------------------------------------------------------------
                                                                                               [ Java classpath ]                               
                                                                --------------------------------------------------------------------------------
                                                                 [classpath] C:\Users\Jayprakash Damarla\Desktop\FlawFinder Latest\backend\neo4j-community-5.15.0\lib\neo4j-unsafe-5.15.0.jar
                                                                 [classpath] C:\Users\Jayprakash Damarla\Desktop\FlawFinder Latest\backend\neo4j-community-5.15.0\lib\neo4j-cypher-interpreted-runtime-5.15.0.jar
                                                                 [classpath] C:\Users\Jayprakash Damarla\Desktop\FlawFinder Latest\backend\neo4j-community-5.15.0\lib\neo4j-layout-5.15.0.jar
                                                                 [classpath] C:\Users\Jayprakash Damarla\Desktop\FlawFinder Latest\backend\neo4j-community-5.15.0\lib\neo4j-native-5.15.0.jar
                                                                 [classpath] C:\Users\Jayprakash Damarla\Desktop\FlawFinder Latest\backend\neo4j-community-5.15.0\lib\neo4j-logging-5.15.0.jar
                                                                 [classpath] C:\Users\Jayprakash Damarla\Desktop\FlawFinder Latest\backend\neo4j-community-5.15.0\lib\neo4j-import-util-5.15.0.jar
                                                                 [classpath] C:\Users\Jayprakash Damarla\Desktop\FlawFinder Latest\backend\neo4j-community-5.15.0\lib\neo4j-cypher-cache-5.15.0.jar
                                                                 [classpath] C:\Users\Jayprakash Damarla\Desktop\FlawFinder Latest\backend\neo4j-community-5.15.0\lib\jakarta.activation-api-1.2.2.jar
                                                                 [classpath] C:\Users\Jayprakash Damarla\Desktop\FlawFinder Latest\backend\neo4j-community-5.15.0\lib\picocli-4.7.5.jar
                                                                 [classpath] C:\Users\Jayprakash Damarla\Desktop\FlawFinder Latest\backend\neo4j-community-5.15.0\lib\reactor-core-3.5.11.jar
                                                                 [classpath] C:\Users\Jayprakash Damarla\Desktop\FlawFinder Latest\backend\neo4j-community-5.15.0\lib\neo4j-kernel-5.15.0.jar
                                                                 [classpath] C:\Users\Jayprakash Damarla\Desktop\FlawFinder Latest\backend\neo4j-community-5.15.0\lib\jakarta.validation-api-2.0.2.jar
                                                                 [classpath] C:\Users\Jayprakash Damarla\Desktop\FlawFinder Latest\backend\neo4j-community-5.15.0\lib\shiro-lang-1.13.0.jar
                                                                 [classpath] C:\Users\Jayprakash Damarla\Desktop\FlawFinder Latest\backend\neo4j-community-5.15.0\lib\neo4j-graph-algo-5.15.0.jar
                                                                 [classpath] C:\Users\Jayprakash Damarla\Desktop\FlawFinder Latest\backend\neo4j-community-5.15.0\lib\eclipse-collections-api-11.1.0.jar
                                                                 [classpath] C:\Users\Jayprakash Damarla\Desktop\FlawFinder Latest\backend\neo4j-community-5.15.0\lib\FastInfoset-1.2.16.jar
                                                                 [classpath] C:\Users\Jayprakash Damarla\Desktop\FlawFinder Latest\backend\neo4j-community-5.15.0\lib\jersey-client-2.34.jar
                                                                 [classpath] C:\Users\Jayprakash Damarla\Desktop\FlawFinder Latest\backend\neo4j-community-5.15.0\lib\neo4j-wal-5.15.0.jar
                                                                 [classpath] C:\Users\Jayprakash Damarla\Desktop\FlawFinder Latest\backend\neo4j-community-5.15.0\lib\log4j-core-2.20.0.jar
                                                                 [classpath] C:\Users\Jayprakash Damarla\Desktop\FlawFinder Latest\backend\neo4j-community-5.15.0\lib\jetty-servlet-api-4.0.6.jar
                                                                 [classpath] C:\Users\Jayprakash Damarla\Desktop\FlawFinder Latest\backend\neo4j-community-5.15.0\lib\netty-transport-native-kqueue-4.1.100.Final-osx-x86_64.jar
                                                                 [classpath] C:\Users\Jayprakash Damarla\Desktop\FlawFinder Latest\backend\neo4j-community-5.15.0\lib\neo4j-common-5.15.0.jar
                                                                 [classpath] C:\Users\Jayprakash Damarla\Desktop\FlawFinder Latest\backend\neo4j-community-5.15.0\lib\neo4j-token-api-5.15.0.jar
                                                                 [classpath] C:\Users\Jayprakash Damarla\Desktop\FlawFinder Latest\backend\neo4j-community-5.15.0\lib\jetty-util-10.0.17.jar
                                                                 [classpath] C:\Users\Jayprakash Damarla\Desktop\FlawFinder Latest\backend\neo4j-community-5.15.0\lib\argparse4j-0.9.0.jar
                                                                 [classpath] C:\Users\Jayprakash Damarla\Desktop\FlawFinder Latest\backend\neo4j-community-5.15.0\plugins\*
                                                                 [classpath] C:\Users\Jayprakash Damarla\Desktop\FlawFinder Latest\backend\neo4j-community-5.15.0\lib\jline-terminal-3.21.0.jar
                                                                 [classpath] C:\Users\Jayprakash Damarla\Desktop\FlawFinder Latest\backend\neo4j-community-5.15.0\lib\neo4j-schema-5.15.0.jar
                                                                 [classpath] C:\Users\Jayprakash Damarla\Desktop\FlawFinder Latest\backend\neo4j-community-5.15.0\lib\netty-transport-native-unix-common-4.1.100.Final.jar
                                                                 [classpath] C:\Users\Jayprakash Damarla\Desktop\FlawFinder Latest\backend\neo4j-community-5.15.0\lib\reactive-streams-1.0.4.jar
                                                                 [classpath] C:\Users\Jayprakash Damarla\Desktop\FlawFinder Latest\backend\neo4j-community-5.15.0\lib\neo4j-cypher-dsl-2023.8.0.jar
                                                                 [classpath] C:\Users\Jayprakash Damarla\Desktop\FlawFinder Latest\backend\neo4j-community-5.15.0\lib\jersey-hk2-2.34.jar
                                                                 [classpath] C:\Users\Jayprakash Damarla\Desktop\FlawFinder Latest\backend\neo4j-community-5.15.0\lib\jetty-server-10.0.17.jar
                                                                 [classpath] C:\Users\Jayprakash Damarla\Desktop\FlawFinder Latest\backend\neo4j-community-5.15.0\lib\neo4j-id-generator-5.15.0.jar
                                                                 [classpath] C:\Users\Jayprakash Damarla\Desktop\FlawFinder Latest\backend\neo4j-community-5.15.0\lib\neo4j-cypher-slotted-runtime-5.15.0.jar
                                                                 [classpath] C:\Users\Jayprakash Damarla\Desktop\FlawFinder Latest\backend\neo4j-community-5.15.0\lib\jackson-jaxrs-json-provider-2.15.2.jar
                                                                 [classpath] C:\Users\Jayprakash Damarla\Desktop\FlawFinder Latest\backend\neo4j-community-5.15.0\lib\neo4j-consistency-check-5.15.0.jar
                                                                 [classpath] C:\Users\Jayprakash Damarla\Desktop\FlawFinder Latest\backend\neo4j-community-5.15.0\lib\annotations-5.15.0.jar
                                                                 [classpath] C:\Users\Jayprakash Damarla\Desktop\FlawFinder Latest\backend\neo4j-community-5.15.0\lib\neo4j-5.15.0.jar
                                                                 [classpath] C:\Users\Jayprakash Damarla\Desktop\FlawFinder Latest\backend\neo4j-community-5.15.0\lib\neo4j-data-collector-5.15.0.jar
                                                                 [classpath] C:\Users\Jayprakash Damarla\Desktop\FlawFinder Latest\backend\neo4j-community-5.15.0\lib\neo4j-command-line-5.15.0.jar
                                                                 [classpath] C:\Users\Jayprakash Damarla\Desktop\FlawFinder Latest\backend\neo4j-community-5.15.0\lib\netty-tcnative-classes-2.0.61.Final.jar
                                                                 [classpath] C:\Users\Jayprakash Damarla\Desktop\FlawFinder Latest\backend\neo4j-community-5.15.0\lib\neo4j-ssl-5.15.0.jar
                                                                 [classpath] C:\Users\Jayprakash Damarla\Desktop\FlawFinder Latest\backend\neo4j-community-5.15.0\lib\neo4j-security-5.15.0.jar
                                                                 [classpath] C:\Users\Jayprakash Damarla\Desktop\FlawFinder Latest\backend\neo4j-community-5.15.0\lib\commons-lang3-3.13.0.jar
                                                                 [classpath] C:\Users\Jayprakash Damarla\Desktop\FlawFinder Latest\backend\neo4j-community-5.15.0\lib\netty-transport-native-epoll-4.1.100.Final-linux-aarch_64.jar
                                                                 [classpath] C:\Users\Jayprakash Damarla\Desktop\FlawFinder Latest\backend\neo4j-community-5.15.0\lib\neo4j-bolt-5.15.0.jar
                                                                 [classpath] C:\Users\Jayprakash Damarla\Desktop\FlawFinder Latest\backend\neo4j-community-5.15.0\lib\jPowerShell-3.0.jar
                                                                 [classpath] C:\Users\Jayprakash Damarla\Desktop\FlawFinder Latest\backend\neo4j-community-5.15.0\lib\hk2-api-2.6.1.jar
                                                                 [classpath] C:\Users\Jayprakash Damarla\Desktop\FlawFinder Latest\backend\neo4j-community-5.15.0\lib\neo4j-concurrent-5.15.0.jar
                                                                 [classpath] C:\Users\Jayprakash Damarla\Desktop\FlawFinder Latest\backend\neo4j-community-5.15.0\lib\neo4j-procedure-5.15.0.jar
                                                                 [classpath] C:\Users\Jayprakash Damarla\Desktop\FlawFinder Latest\backend\neo4j-community-5.15.0\lib\neo4j-util-5.15.0.jar
                                                                 [classpath] C:\Users\Jayprakash Damarla\Desktop\FlawFinder Latest\backend\neo4j-community-5.15.0\lib\netty-transport-classes-kqueue-4.1.100.Final.jar
                                                                 [classpath] C:\Users\Jayprakash Damarla\Desktop\FlawFinder Latest\backend\neo4j-community-5.15.0\lib\neo4j-configuration-5.15.0.jar
                                                                 [classpath] C:\Users\Jayprakash Damarla\Desktop\FlawFinder Latest\backend\neo4j-community-5.15.0\lib\netty-transport-4.1.100.Final.jar
                                                                 [classpath] C:\Users\Jayprakash Damarla\Desktop\FlawFinder Latest\backend\neo4j-community-5.15.0\lib\neo4j-query-router-5.15.0.jar
                                                                 [classpath] C:\Users\Jayprakash Damarla\Desktop\FlawFinder Latest\backend\neo4j-community-5.15.0\lib\neo4j-cypher-ast-factory-5.15.0.jar
                                                                 [classpath] C:\Users\Jayprakash Damarla\Desktop\FlawFinder Latest\backend\neo4j-community-5.15.0\lib\shiro-cache-1.13.0.jar
                                                                 [classpath] C:\Users\Jayprakash Damarla\Desktop\FlawFinder Latest\backend\neo4j-community-5.15.0\lib\neo4j-cypher-logical-plans-5.15.0.jar
                                                                 [classpath] C:\Users\Jayprakash Damarla\Desktop\FlawFinder Latest\backend\neo4j-community-5.15.0\lib\commons-compress-1.24.0.jar
                                                                 [classpath] C:\Users\Jayprakash Damarla\Desktop\FlawFinder Latest\backend\neo4j-community-5.15.0\lib\kiama_2.13-2.5.1.jar
                                                                 [classpath] C:\Users\Jayprakash Damarla\Desktop\FlawFinder Latest\backend\neo4j-community-5.15.0\lib\netty-codec-http-4.1.100.Final.jar
                                                                 [classpath] C:\Users\Jayprakash Damarla\Desktop\FlawFinder Latest\backend\neo4j-community-5.15.0\lib\zstd-jni-1.5.5-10.jar
                                                                 [classpath] C:\Users\Jayprakash Damarla\Desktop\FlawFinder Latest\backend\neo4j-community-5.15.0\lib\slf4j-api-2.0.9.jar
                                                                 [classpath] C:\Users\Jayprakash Damarla\Desktop\FlawFinder Latest\backend\neo4j-community-5.15.0\lib\neo4j-codegen-5.15.0.jar
                                                                 [classpath] C:\Users\Jayprakash Damarla\Desktop\FlawFinder Latest\backend\neo4j-community-5.15.0\lib\neo4j-graphdb-api-5.15.0.jar
                                                                 [classpath] C:\Users\Jayprakash Damarla\Desktop\FlawFinder Latest\backend\neo4j-community-5.15.0\lib\shiro-crypto-core-1.13.0.jar
                                                                 [classpath] C:\Users\Jayprakash Damarla\Desktop\FlawFinder Latest\backend\neo4j-community-5.15.0\lib\neo4j-java-driver-5.15.0.jar
                                                                 [classpath] C:\Users\Jayprakash Damarla\Desktop\FlawFinder Latest\backend\neo4j-community-5.15.0\lib\txw2-2.3.2.jar
                                                                 [classpath] C:\Users\Jayprakash Damarla\Desktop\FlawFinder Latest\backend\neo4j-community-5.15.0\lib\neo4j-diagnostics-5.15.0.jar
                                                                 [classpath] C:\Users\Jayprakash Damarla\Desktop\FlawFinder Latest\backend\neo4j-community-5.15.0\lib\neo4j-record-storage-engine-5.15.0.jar
                                                                 [classpath] C:\Users\Jayprakash Damarla\Desktop\FlawFinder Latest\backend\neo4j-community-5.15.0\lib\commons-configuration2-2.9.0.jar
                                                                 [classpath] C:\Users\Jayprakash Damarla\Desktop\FlawFinder Latest\backend\neo4j-community-5.15.0\lib\neo4j-rewriting-5.15.0.jar
                                                                 [classpath] C:\Users\Jayprakash Damarla\Desktop\FlawFinder Latest\backend\neo4j-community-5.15.0\lib\javassist-3.25.0-GA.jar
                                                                 [classpath] C:\Users\Jayprakash Damarla\Desktop\FlawFinder Latest\backend\neo4j-community-5.15.0\lib\cypher-shell-5.15.0.jar
                                                                 [classpath] C:\Users\Jayprakash Damarla\Desktop\FlawFinder Latest\backend\neo4j-community-5.15.0\lib\jetty-http-10.0.17.jar
                                                                 [classpath] C:\Users\Jayprakash Damarla\Desktop\FlawFinder Latest\backend\neo4j-community-5.15.0\lib\neo4j-cypher-planner-5.15.0.jar
                                                                 [classpath] C:\Users\Jayprakash Damarla\Desktop\FlawFinder Latest\backend\neo4j-community-5.15.0\lib\server-api-5.15.0.jar
                                                                 [classpath] C:\Users\Jayprakash Damarla\Desktop\FlawFinder Latest\backend\neo4j-community-5.15.0\lib\jakarta.ws.rs-api-2.1.6.jar
                                                                 [classpath] C:\Users\Jayprakash Damarla\Desktop\FlawFinder Latest\backend\neo4j-community-5.15.0\lib\shiro-crypto-hash-1.13.0.jar
                                                                 [classpath] C:\Users\Jayprakash Damarla\Desktop\FlawFinder Latest\backend\neo4j-community-5.15.0\lib\scala-collection-contrib_2.13-0.3.0.jar
                                                                 [classpath] C:\Users\Jayprakash Damarla\Desktop\FlawFinder Latest\backend\neo4j-community-5.15.0\lib\netty-transport-classes-epoll-4.1.100.Final.jar
                                                                 [classpath] C:\Users\Jayprakash Damarla\Desktop\FlawFinder Latest\backend\neo4j-community-5.15.0\lib\netty-transport-native-epoll-4.1.100.Final-linux-x86_64.jar
                                                                 [classpath] C:\Users\Jayprakash Damarla\Desktop\FlawFinder Latest\backend\neo4j-community-5.15.0\lib\neo4j-front-end-5.15.0.jar
                                                                 [classpath] C:\Users\Jayprakash Damarla\Desktop\FlawFinder Latest\backend\neo4j-community-5.15.0\lib\zstd-proxy-5.15.0.jar
                                                                 [classpath] C:\Users\Jayprakash Damarla\Desktop\FlawFinder Latest\backend\neo4j-community-5.15.0\lib\jetty-webapp-10.0.17.jar
                                                                 [classpath] C:\Users\Jayprakash Damarla\Desktop\FlawFinder Latest\backend\neo4j-community-5.15.0\lib\jna-5.13.0.jar
                                                                 [classpath] C:\Users\Jayprakash Damarla\Desktop\FlawFinder Latest\backend\neo4j-community-5.15.0\lib\commons-logging-1.2.jar
                                                                 [classpath] C:\Users\Jayprakash Damarla\Desktop\FlawFinder Latest\backend\neo4j-community-5.15.0\lib\jProcesses-1.6.5.jar
                                                                 [classpath] C:\Users\Jayprakash Damarla\Desktop\FlawFinder Latest\backend\neo4j-community-5.15.0\lib\WMI4Java-1.6.3.jar
                                                                 [classpath] C:\Users\Jayprakash Damarla\Desktop\FlawFinder Latest\backend\neo4j-community-5.15.0\lib\netty-handler-4.1.100.Final.jar
                                                                 [classpath] C:\Users\Jayprakash Damarla\Desktop\FlawFinder Latest\backend\neo4j-community-5.15.0\lib\lucene-queryparser-9.8.0.jar
                                                                 [classpath] C:\Users\Jayprakash Damarla\Desktop\FlawFinder Latest\backend\neo4j-community-5.15.0\lib\neo4j-cypher-javacc-parser-5.15.0.jar
                                                                 [classpath] C:\Users\Jayprakash Damarla\Desktop\FlawFinder Latest\backend\neo4j-community-5.15.0\lib\ipaddress-5.4.0.jar
                                                                 [classpath] C:\Users\Jayprakash Damarla\Desktop\FlawFinder Latest\backend\neo4j-community-5.15.0\lib\neo4j-kernel-api-5.15.0.jar
                                                                 [classpath] C:\Users\Jayprakash Damarla\Desktop\FlawFinder Latest\backend\neo4j-community-5.15.0\lib\neo4j-bootcheck-5.15.0.jar
                                                                 [classpath] C:\Users\Jayprakash Damarla\Desktop\FlawFinder Latest\backend\neo4j-community-5.15.0\lib\jline-reader-3.21.0.jar
                                                                 [classpath] C:\Users\Jayprakash Damarla\Desktop\FlawFinder Latest\backend\neo4j-community-5.15.0\lib\scala-reflect-2.13.11.jar
                                                                 [classpath] C:\Users\Jayprakash Damarla\Desktop\FlawFinder Latest\backend\neo4j-community-5.15.0\lib\shiro-core-1.13.0.jar
                                                                 [classpath] C:\Users\Jayprakash Damarla\Desktop\FlawFinder Latest\backend\neo4j-community-5.15.0\lib\neo4j-lucene-index-5.15.0.jar
                                                                 [classpath] C:\Users\Jayprakash Damarla\Desktop\FlawFinder Latest\backend\neo4j-community-5.15.0\lib\neo4j-io-5.15.0.jar
                                                                 [classpath] C:\Users\Jayprakash Damarla\Desktop\FlawFinder Latest\backend\neo4j-community-5.15.0\lib\hk2-locator-2.6.1.jar
                                                                 [classpath] C:\Users\Jayprakash Damarla\Desktop\FlawFinder Latest\backend\neo4j-community-5.15.0\lib\lucene-backward-codecs-9.8.0.jar
                                                                 [classpath] C:\Users\Jayprakash Damarla\Desktop\FlawFinder Latest\backend\neo4j-community-5.15.0\lib\neo4j-procedure-api-5.15.0.jar
                                                                 [classpath] C:\Users\Jayprakash Damarla\Desktop\FlawFinder Latest\backend\neo4j-community-5.15.0\lib\neo4j-expressions-5.15.0.jar
                                                                 [classpath] C:\Users\Jayprakash Damarla\Desktop\FlawFinder Latest\backend\neo4j-community-5.15.0\lib\jersey-common-2.34.jar
                                                                 [classpath] C:\Users\Jayprakash Damarla\Desktop\FlawFinder Latest\backend\neo4j-community-5.15.0\lib\cypher-ast-factory-5.15.0.jar
                                                                 [classpath] C:\Users\Jayprakash Damarla\Desktop\FlawFinder Latest\backend\neo4j-community-5.15.0\lib\neo4j-spatial-index-5.15.0.jar
                                                                 [classpath] C:\Users\Jayprakash Damarla\Desktop\FlawFinder Latest\backend\neo4j-community-5.15.0\lib\jakarta.inject-2.6.1.jar
                                                                 [classpath] C:\Users\Jayprakash Damarla\Desktop\FlawFinder Latest\backend\neo4j-community-5.15.0\lib\jetty-io-10.0.17.jar
                                                                 [classpath] C:\Users\Jayprakash Damarla\Desktop\FlawFinder Latest\backend\neo4j-community-5.15.0\lib\jakarta.xml.bind-api-2.3.2.jar
                                                                 [classpath] C:\Users\Jayprakash Damarla\Desktop\FlawFinder Latest\backend\neo4j-community-5.15.0\lib\neo4j-cypher-physical-planning-5.15.0.jar
                                                                 [classpath] C:\Users\Jayprakash Damarla\Desktop\FlawFinder Latest\backend\neo4j-community-5.15.0\lib\neo4j-csv-5.15.0.jar
                                                                 [classpath] C:\Users\Jayprakash Damarla\Desktop\FlawFinder Latest\backend\neo4j-community-5.15.0\lib\magnolia_2.13-0.17.0.jar
                                                                 [classpath] C:\Users\Jayprakash Damarla\Desktop\FlawFinder Latest\backend\neo4j-community-5.15.0\lib\netty-resolver-4.1.100.Final.jar
                                                                 [classpath] C:\Users\Jayprakash Damarla\Desktop\FlawFinder Latest\backend\neo4j-community-5.15.0\lib\neo4j-ast-5.15.0.jar
                                                                 [classpath] C:\Users\Jayprakash Damarla\Desktop\FlawFinder Latest\backend\neo4j-community-5.15.0\lib\neo4j-cypher-ir-5.15.0.jar
                                                                 [classpath] C:\Users\Jayprakash Damarla\Desktop\FlawFinder Latest\backend\neo4j-community-5.15.0\lib\jline-terminal-jansi-3.21.0.jar
                                                                 [classpath] C:\Users\Jayprakash Damarla\Desktop\FlawFinder Latest\backend\neo4j-community-5.15.0\lib\netty-buffer-4.1.100.Final.jar
                                                                 [classpath] C:\Users\Jayprakash Damarla\Desktop\FlawFinder Latest\backend\neo4j-community-5.15.0\lib\jansi-2.4.0.jar
                                                                 [classpath] C:\Users\Jayprakash Damarla\Desktop\FlawFinder Latest\backend\neo4j-community-5.15.0\lib\neo4j-dbms-5.15.0.jar
                                                                 [classpath] C:\Users\Jayprakash Damarla\Desktop\FlawFinder Latest\backend\neo4j-community-5.15.0\lib\neo4j-collections-5.15.0.jar
                                                                 [classpath] C:\Users\Jayprakash Damarla\Desktop\FlawFinder Latest\backend\neo4j-community-5.15.0\lib\netty-transport-native-kqueue-4.1.100.Final-osx-aarch_64.jar
                                                                 [classpath] C:\Users\Jayprakash Damarla\Desktop\FlawFinder Latest\backend\neo4j-community-5.15.0\lib\jackson-databind-2.15.2.jar
                                                                 [classpath] C:\Users\Jayprakash Damarla\Desktop\FlawFinder Latest\backend\neo4j-community-5.15.0\lib\neo4j-push-to-cloud-5.15.0.jar
                                                                 [classpath] C:\Users\Jayprakash Damarla\Desktop\FlawFinder Latest\backend\neo4j-community-5.15.0\lib\neo4j-browser-5.12.0.jar
                                                                 [classpath] C:\Users\Jayprakash Damarla\Desktop\FlawFinder Latest\backend\neo4j-community-5.15.0\lib\netty-codec-4.1.100.Final.jar
                                                                 [classpath] C:\Users\Jayprakash Damarla\Desktop\FlawFinder Latest\backend\neo4j-community-5.15.0\lib\neo4j-cypher-runtime-util-5.15.0.jar
                                                                 [classpath] C:\Users\Jayprakash Damarla\Desktop\FlawFinder Latest\backend\neo4j-community-5.15.0\lib\neo4j-lock-5.15.0.jar
                                                                 [classpath] C:\Users\Jayprakash Damarla\Desktop\FlawFinder Latest\backend\neo4j-community-5.15.0\lib\jetty-xml-10.0.17.jar
                                                                 [classpath] C:\Users\Jayprakash Damarla\Desktop\FlawFinder Latest\backend\neo4j-community-5.15.0\lib\neo4j-fulltext-index-5.15.0.jar
                                                                 [classpath] C:\Users\Jayprakash Damarla\Desktop\FlawFinder Latest\backend\neo4j-community-5.15.0\lib\jakarta.annotation-api-1.3.5.jar
                                                                 [classpath] C:\Users\Jayprakash Damarla\Desktop\FlawFinder Latest\backend\neo4j-community-5.15.0\lib\lucene-core-9.8.0.jar
                                                                 [classpath] C:\Users\Jayprakash Damarla\Desktop\FlawFinder Latest\backend\neo4j-community-5.15.0\lib\jersey-container-servlet-core-2.34.jar
                                                                 [classpath] C:\Users\Jayprakash Damarla\Desktop\FlawFinder Latest\backend\neo4j-community-5.15.0\lib\jaxb-runtime-2.3.2.jar
                                                                 [classpath] C:\Users\Jayprakash Damarla\Desktop\FlawFinder Latest\backend\neo4j-community-5.15.0\lib\istack-commons-runtime-3.0.8.jar
                                                                 [classpath] C:\Users\Jayprakash Damarla\Desktop\FlawFinder Latest\backend\neo4j-community-5.15.0\lib\caffeine-3.1.8.jar
                                                                 [classpath] C:\Users\Jayprakash Damarla\Desktop\FlawFinder Latest\backend\neo4j-community-5.15.0\lib\neo4j-fabric-5.15.0.jar
                                                                 [classpath] C:\Users\Jayprakash Damarla\Desktop\FlawFinder Latest\backend\neo4j-community-5.15.0\lib\shiro-event-1.13.0.jar
                                                                 [classpath] C:\Users\Jayprakash Damarla\Desktop\FlawFinder Latest\backend\neo4j-community-5.15.0\lib\commons-text-1.11.0.jar
                                                                 [classpath] C:\Users\Jayprakash Damarla\Desktop\FlawFinder Latest\backend\neo4j-community-5.15.0\lib\neo4j-slf4j-provider-5.15.0.jar
                                                                 [classpath] C:\Users\Jayprakash Damarla\Desktop\FlawFinder Latest\backend\neo4j-community-5.15.0\lib\lucene-analysis-common-9.8.0.jar
                                                                 [classpath] C:\Users\Jayprakash Damarla\Desktop\FlawFinder Latest\backend\neo4j-community-5.15.0\lib\jersey-server-2.34.jar
                                                                 [classpath] C:\Users\Jayprakash Damarla\Desktop\FlawFinder Latest\backend\neo4j-community-5.15.0\lib\eclipse-collections-11.1.0.jar
                                                                 [classpath] C:\Users\Jayprakash Damarla\Desktop\FlawFinder Latest\backend\neo4j-community-5.15.0\lib\jetty-security-10.0.17.jar
                                                                 [classpath] C:\Users\Jayprakash Damarla\Desktop\FlawFinder Latest\backend\neo4j-community-5.15.0\lib\cypher-literal-interpreter-5.15.0.jar
                                                                 [classpath] C:\Users\Jayprakash Damarla\Desktop\FlawFinder Latest\backend\neo4j-community-5.15.0\lib\stax-ex-1.8.1.jar
                                                                 [classpath] C:\Users\Jayprakash Damarla\Desktop\FlawFinder Latest\backend\neo4j-community-5.15.0\lib\neo4j-values-5.15.0.jar
                                                                 [classpath] C:\Users\Jayprakash Damarla\Desktop\FlawFinder Latest\backend\neo4j-community-5.15.0\lib\log4j-api-2.20.0.jar
                                                                 [classpath] C:\Users\Jayprakash Damarla\Desktop\FlawFinder Latest\backend\neo4j-community-5.15.0\lib\jettison-1.5.4.jar
                                                                 [classpath] C:\Users\Jayprakash Damarla\Desktop\FlawFinder Latest\backend\neo4j-community-5.15.0\lib\neo4j-index-5.15.0.jar
                                                                 [classpath] C:\Users\Jayprakash Damarla\Desktop\FlawFinder Latest\backend\neo4j-community-5.15.0\lib\neo4j-server-5.15.0.jar
                                                                 [classpath] C:\Users\Jayprakash Damarla\Desktop\FlawFinder Latest\backend\neo4j-community-5.15.0\lib\neo4j-storage-engine-util-5.15.0.jar
                                                                 [classpath] C:\Users\Jayprakash Damarla\Desktop\FlawFinder Latest\backend\neo4j-community-5.15.0\lib\neo4j-cypher-macros-5.15.0.jar
                                                                 [classpath] C:\Users\Jayprakash Damarla\Desktop\FlawFinder Latest\backend\neo4j-community-5.15.0\lib\jackson-core-2.15.2.jar
                                                                 [classpath] C:\Users\Jayprakash Damarla\Desktop\FlawFinder Latest\backend\neo4j-community-5.15.0\lib\neo4j-resource-5.15.0.jar
                                                                 [classpath] C:\Users\Jayprakash Damarla\Desktop\FlawFinder Latest\backend\neo4j-community-5.15.0\lib\neo4j-cypher-5.15.0.jar
                                                                 [classpath] C:\Users\Jayprakash Damarla\Desktop\FlawFinder Latest\backend\neo4j-community-5.15.0\lib\hk2-utils-2.6.1.jar
                                                                 [classpath] C:\Users\Jayprakash Damarla\Desktop\FlawFinder Latest\backend\neo4j-community-5.15.0\lib\neo4j-capabilities-5.15.0.jar
                                                                 [classpath] C:\Users\Jayprakash Damarla\Desktop\FlawFinder Latest\backend\neo4j-community-5.15.0\lib\neo4j-monitoring-5.15.0.jar
                                                                 [classpath] C:\Users\Jayprakash Damarla\Desktop\FlawFinder Latest\backend\neo4j-community-5.15.0\lib\jackson-module-jaxb-annotations-2.15.2.jar
                                                                 [classpath] C:\Users\Jayprakash Damarla\Desktop\FlawFinder Latest\backend\neo4j-community-5.15.0\lib\shiro-config-core-1.13.0.jar
                                                                 [classpath] C:\Users\Jayprakash Damarla\Desktop\FlawFinder Latest\backend\neo4j-community-5.15.0\lib\neo4j-import-tool-5.15.0.jar
                                                                 [classpath] C:\Users\Jayprakash Damarla\Desktop\FlawFinder Latest\backend\neo4j-community-5.15.0\lib\log4j-layout-template-json-2.20.0.jar
                                                                 [classpath] C:\Users\Jayprakash Damarla\Desktop\FlawFinder Latest\backend\neo4j-community-5.15.0\lib\neo4j-cypher-planner-spi-5.15.0.jar
                                                                 [classpath] C:\Users\Jayprakash Damarla\Desktop\FlawFinder Latest\backend\neo4j-community-5.15.0\lib\neo4j-exceptions-5.15.0.jar
                                                                 [classpath] C:\Users\Jayprakash Damarla\Desktop\FlawFinder Latest\backend\neo4j-community-5.15.0\lib\shiro-crypto-cipher-1.13.0.jar
                                                                 [classpath] C:\Users\Jayprakash Damarla\Desktop\FlawFinder Latest\backend\neo4j-community-5.15.0\lib\jackson-jaxrs-base-2.15.2.jar
                                                                 [classpath] C:\Users\Jayprakash Damarla\Desktop\FlawFinder Latest\backend\neo4j-community-5.15.0\lib\jackson-annotations-2.15.2.jar
                                                                 [classpath] C:\Users\Jayprakash Damarla\Desktop\FlawFinder Latest\backend\neo4j-community-5.15.0\lib\scala-library-2.13.11.jar
                                                                 [classpath] C:\Users\Jayprakash Damarla\Desktop\FlawFinder Latest\backend\neo4j-community-5.15.0\lib\neo4j-cypher-config-5.15.0.jar
                                                                 [classpath] C:\Users\Jayprakash Damarla\Desktop\FlawFinder Latest\backend\neo4j-community-5.15.0\lib\mercator_2.13-0.2.1.jar
                                                                 [classpath] C:\Users\Jayprakash Damarla\Desktop\FlawFinder Latest\backend\neo4j-community-5.15.0\lib\jetty-servlet-10.0.17.jar
                                                                 [classpath] C:\Users\Jayprakash Damarla\Desktop\FlawFinder Latest\backend\neo4j-community-5.15.0\conf\*
                                                                 [classpath] C:\Users\Jayprakash Damarla\Desktop\FlawFinder Latest\backend\neo4j-community-5.15.0\lib\netty-common-4.1.100.Final.jar
                                                                 [classpath] C:\Users\Jayprakash Damarla\Desktop\FlawFinder Latest\backend\neo4j-community-5.15.0\lib\jctools-core-4.0.1.jar
                                                                 [classpath] C:\Users\Jayprakash Damarla\Desktop\FlawFinder Latest\backend\neo4j-community-5.15.0\lib\neo4j-cypher-expression-evaluator-5.15.0.jar
                                                                 [classpath] C:\Users\Jayprakash Damarla\Desktop\FlawFinder Latest\backend\neo4j-community-5.15.0\lib\commons-io-2.15.0.jar
                                                                 [classpath] C:\Users\Jayprakash Damarla\Desktop\FlawFinder Latest\backend\neo4j-community-5.15.0\lib\jersey-container-servlet-2.34.jar
                                                                
                                                                --------------------------------------------------------------------------------
                                                                                                [ Library path ]                                
                                                                --------------------------------------------------------------------------------
                                                                C:\Program Files\Java\jdk-23\bin
                                                                C:\WINDOWS\Sun\Java\bin
                                                                C:\Windows\System32
                                                                C:\Windows
                                                                C:\Program Files\Common Files\Oracle\Java\javapath_target_343154843
                                                                C:\Windows\System32
                                                                C:\Windows
                                                                C:\Windows\System32\wbem
                                                                C:\Windows\System32\WindowsPowerShell\v1.0
                                                                C:\Windows\System32\OpenSSH
                                                                C:\Program Files (x86)\NVIDIA Corporation\PhysX\Common
                                                                C:\Windows\System32
                                                                C:\Windows
                                                                C:\Windows\System32\wbem
                                                                C:\Windows\System32\WindowsPowerShell\v1.0
                                                                C:\Windows\System32\OpenSSH
                                                                C:\Program Files\NVIDIA Corporation\NVIDIA app\NvDLISR
                                                                C:\Program Files\dotnet
                                                                C:\Program Files\nodejs
                                                                C:\GnuWin32\bin
                                                                C:\Program Files\CodeBlocks\MinGW\bin
                                                                C:\Users\Jayprakash Damarla\AppData\Local\Programs\Python\Python311
                                                                C:\Users\Jayprakash Damarla\AppData\Local\Programs\Python\Python311\Scripts
                                                                C:\Users\Jayprakash Damarla\AppData\Local\Programs\Python\Python311
                                                                C:\Program Files\Git\cmd
                                                                C:\Program Files\Git\bin
                                                                C:\Program Files\MongoDB\Server\8.0\bin
                                                                C:\Users\Jayprakash Damarla\AppData\Local\Programs\Python\Python38
                                                                C:\Users\Jayprakash Damarla\AppData\Local\Programs\Python\Python38\Scripts
                                                                C:\Users\Jayprakash Damarla\Desktop\FlawFinder Latest\backend\neo4j-community-5.15.0
                                                                C:\ProgramData\chocolatey\bin
                                                                C:\Program Files\Cloudflare\Cloudflare WARP
                                                                C:\Users\Jayprakash Damarla\AppData\Local\Programs\Python\Python38\Scripts
                                                                C:\Users\Jayprakash Damarla\AppData\Local\Programs\Python\Python38
                                                                C:\Users\Jayprakash Damarla\AppData\Local\Programs\Python\Python313\Scripts
                                                                C:\Users\Jayprakash Damarla\AppData\Local\Programs\Python\Python313
                                                                C:\Program Files\MySQL\MySQL Shell 8.0\bin
                                                                C:\Users\Jayprakash Damarla\AppData\Local\Microsoft\WindowsApps
                                                                C:\Users\Jayprakash Damarla\AppData\Local\Programs\Microsoft VS Code\bin
                                                                C:\Users\Jayprakash Damarla\AppData\Roaming\npm
                                                                C:\Program Files\Java\jdk-23\bin
                                                                C:\Users\Jayprakash Damarla\Desktop\FlawFinder Latest\backend\neo4j-community-5.15.0
                                                                C:\Users\Jayprakash Damarla\AppData\Local\Programs\Ollama
                                                                C:\Program Files (x86)\Nmap
                                                                C:\Users\Jayprakash Damarla\AppData\Local\Programs\cursor\resources\app\bin
                                                                C:\Users\Jayprakash Damarla\AppData\Roaming\Code\User\globalStorage\github.copilot-chat\debugCommand
                                                                C:\Users\Jayprakash Damarla\.vscode\extensions\ms-python.debugpy-2025.10.0-win32-x64\bundled\scripts\noConfigScripts
                                                                C:\Users\Jayprakash Damarla\Desktop\FlawFinder Latest\backend\neo4j-community-5.15.0
                                                                
                                                                --------------------------------------------------------------------------------
                                                                                             [ System properties ]                              
                                                                --------------------------------------------------------------------------------
                                                                jdk.tls.rejectClientInitiatedRenegotiation = true
                                                                sun.cpu.isalist = amd64
                                                                sun.jnu.encoding = Cp1252
                                                                sun.arch.data.model = 64
                                                                user.variant = 
                                                                user.timezone = Asia/Calcutta
                                                                sun.java.launcher = SUN_STANDARD
                                                                user.country = IN
                                                                sun.boot.library.path = C:\Program Files\Java\jdk-23\bin
                                                                sun.java.command = org.neo4j.server.CommunityEntryPoint --home-dir=C:\Users\Jayprakash Damarla\Desktop\FlawFinder Latest\backend\neo4j-community-5.15.0 --config-dir=C:\Users\Jayprakash Damarla\Desktop\FlawFinder Latest\backend\neo4j-community-5.15.0\conf --console-mode
                                                                jdk.debug = release
                                                                io.netty.tryReflectionSetAccessible = true
                                                                sun.cpu.endian = little
                                                                user.home = C:\Users\Jayprakash Damarla
                                                                user.language = en
                                                                file.separator = \
                                                                jdk.tls.ephemeralDHKeySize = 2048
                                                                user.script = 
                                                                sun.management.compiler = HotSpot 64-Bit Tiered Compilers
                                                                user.name = Jayprakash Damarla
                                                                stdout.encoding = cp437
                                                                jdk.nio.maxCachedBufferSize = 1024
                                                                path.separator = ;
                                                                file.encoding = UTF-8
                                                                jnidispatch.path = C:\Users\JAYPRA~1\AppData\Local\Temp\jna--1802102338\jna5772682656932291161.dll
                                                                jna.loaded = true
                                                                user.dir = C:\Users\Jayprakash Damarla\Desktop\FlawFinder Latest\backend\neo4j-community-5.15.0
                                                                sun.os.patch.level = 
                                                                native.encoding = Cp1252
                                                                stderr.encoding = cp437
                                                                sun.io.unicode.encoding = UnicodeLittle
                                                                log4j2.disable.jmx = true
                                                                
                                                                --------------------------------------------------------------------------------
                                                                                      [ (IANA) TimeZone database version ]                      
                                                                --------------------------------------------------------------------------------
                                                                  TimeZone version: 2024b (available for 603 zone identifiers)
                                                                
                                                                --------------------------------------------------------------------------------
                                                                                            [ Network information ]                             
                                                                --------------------------------------------------------------------------------
                                                                Interface VirtualBox Host-Only Ethernet Adapter-WFP Native MAC Layer LightWeight Filter-0000:
                                                                Interface VirtualBox Host-Only Ethernet Adapter-Npcap Packet Driver (NPCAP)-0000:
                                                                Interface VirtualBox Host-Only Ethernet Adapter-QoS Packet Scheduler-0000:
                                                                Interface VirtualBox Host-Only Ethernet Adapter-WFP 802.3 MAC Layer LightWeight Filter-0000:
                                                                Interface Killer E2500 Gigabit Ethernet Controller-WFP Native MAC Layer LightWeight Filter-0000:
                                                                Interface Killer E2500 Gigabit Ethernet Controller-Npcap Packet Driver (NPCAP)-0000:
                                                                Interface Killer E2500 Gigabit Ethernet Controller-VirtualBox NDIS Light-Weight Filter-0000:
                                                                Interface Killer E2500 Gigabit Ethernet Controller-QoS Packet Scheduler-0000:
                                                                Interface Killer E2500 Gigabit Ethernet Controller-WFP 802.3 MAC Layer LightWeight Filter-0000:
                                                                Interface WAN Miniport (IP)-WFP Native MAC Layer LightWeight Filter-0000:
                                                                Interface WAN Miniport (IP)-Npcap Packet Driver (NPCAP)-0000:
                                                                Interface WAN Miniport (IP)-QoS Packet Scheduler-0000:
                                                                Interface WAN Miniport (IPv6)-WFP Native MAC Layer LightWeight Filter-0000:
                                                                Interface WAN Miniport (IPv6)-Npcap Packet Driver (NPCAP)-0000:
                                                                Interface WAN Miniport (IPv6)-QoS Packet Scheduler-0000:
                                                                Interface WAN Miniport (Network Monitor)-WFP Native MAC Layer LightWeight Filter-0000:
                                                                Interface WAN Miniport (Network Monitor)-Npcap Packet Driver (NPCAP)-0000:
                                                                Interface WAN Miniport (Network Monitor)-QoS Packet Scheduler-0000:
                                                                Interface Bluetooth Device (Personal Area Network)-Npcap Packet Driver (NPCAP)-0000:
                                                                Interface Killer E2500 Gigabit Ethernet Controller:
                                                                    address: fe80:0:0:0:7b87:7a78:8272:7f61%ethernet_32768
                                                                Interface Microsoft Kernel Debug Network Adapter:
                                                                Interface WAN Miniport (IP):
                                                                Interface WAN Miniport (IPv6):
                                                                Interface WAN Miniport (Network Monitor):
                                                                Interface Bluetooth Device (Personal Area Network):
                                                                    address: fe80:0:0:0:bebc:b6c5:21dd:df83%ethernet_32773
                                                                Interface VirtualBox Host-Only Ethernet Adapter:
                                                                    address: fe80:0:0:0:a316:cb35:9f97:6787%ethernet_32774
                                                                    address: 192.168.56.1
                                                                Interface WAN Miniport (PPPOE):
                                                                Interface Software Loopback Interface 1:
                                                                    address: 0:0:0:0:0:0:0:1
                                                                    address: 127.0.0.1
                                                                Interface Killer(R) Wi-Fi 6 AX1650x 160MHz Wireless Network Adapter (200NGW)-WFP Native MAC Layer LightWeight Filter-0000:
                                                                Interface Killer(R) Wi-Fi 6 AX1650x 160MHz Wireless Network Adapter (200NGW)-Virtual WiFi Filter Driver-0000:
                                                                Interface Killer(R) Wi-Fi 6 AX1650x 160MHz Wireless Network Adapter (200NGW)-Native WiFi Filter Driver-0000:
                                                                Interface Killer(R) Wi-Fi 6 AX1650x 160MHz Wireless Network Adapter (200NGW)-Npcap Packet Driver (NPCAP)-0000:
                                                                Interface Killer(R) Wi-Fi 6 AX1650x 160MHz Wireless Network Adapter (200NGW)-VirtualBox NDIS Light-Weight Filter-0000:
                                                                Interface Killer(R) Wi-Fi 6 AX1650x 160MHz Wireless Network Adapter (200NGW)-QoS Packet Scheduler-0000:
                                                                Interface Killer(R) Wi-Fi 6 AX1650x 160MHz Wireless Network Adapter (200NGW)-WFP 802.3 MAC Layer LightWeight Filter-0000:
                                                                Interface Microsoft Wi-Fi Direct Virtual Adapter-WFP Native MAC Layer LightWeight Filter-0000:
                                                                Interface Microsoft Wi-Fi Direct Virtual Adapter-Native WiFi Filter Driver-0000:
                                                                Interface Microsoft Wi-Fi Direct Virtual Adapter-Npcap Packet Driver (NPCAP)-0000:
                                                                Interface Microsoft Wi-Fi Direct Virtual Adapter-VirtualBox NDIS Light-Weight Filter-0000:
                                                                Interface Microsoft Wi-Fi Direct Virtual Adapter-QoS Packet Scheduler-0000:
                                                                Interface Microsoft Wi-Fi Direct Virtual Adapter-WFP 802.3 MAC Layer LightWeight Filter-0000:
                                                                Interface Microsoft Wi-Fi Direct Virtual Adapter #2-WFP Native MAC Layer LightWeight Filter-0000:
                                                                Interface Microsoft Wi-Fi Direct Virtual Adapter #2-Native WiFi Filter Driver-0000:
                                                                Interface Microsoft Wi-Fi Direct Virtual Adapter #2-Npcap Packet Driver (NPCAP)-0000:
                                                                Interface Microsoft Wi-Fi Direct Virtual Adapter #2-VirtualBox NDIS Light-Weight Filter-0000:
                                                                Interface Microsoft Wi-Fi Direct Virtual Adapter #2-QoS Packet Scheduler-0000:
                                                                Interface Microsoft Wi-Fi Direct Virtual Adapter #2-WFP 802.3 MAC Layer LightWeight Filter-0000:
                                                                Interface Killer(R) Wi-Fi 6 AX1650x 160MHz Wireless Network Adapter (200NGW):
                                                                    address: fe80:0:0:0:2b3c:ac1f:7d59:b87a%wireless_32768
                                                                    address: 10.70.23.110
                                                                Interface Microsoft Wi-Fi Direct Virtual Adapter:
                                                                    address: fe80:0:0:0:4b72:cd0d:bfdc:7585%wireless_32769
                                                                Interface Microsoft Wi-Fi Direct Virtual Adapter #2:
                                                                    address: fe80:0:0:0:cd14:e344:36ae:4b53%wireless_32770
                                                                Interface Microsoft Teredo Tunneling Adapter:
                                                                Interface Microsoft IP-HTTPS Platform Adapter:
                                                                Interface Microsoft 6to4 Adapter:
                                                                Interface WAN Miniport (SSTP):
                                                                Interface WAN Miniport (IKEv2):
                                                                Interface WAN Miniport (L2TP):
                                                                Interface WAN Miniport (PPTP):
                                                                
                                                                --------------------------------------------------------------------------------
                                                                                         [ Native access information ]                          
                                                                --------------------------------------------------------------------------------
                                                                Native access details: Native access is not available for current platform.
                                                                
                                                                --------------------------------------------------------------------------------
                                                                                                [ DBMS config ]                                 
                                                                --------------------------------------------------------------------------------
                                                                DBMS provided settings:
                                                                db.tx_log.rotation.retention_policy=2 days 2G
                                                                dbms.security.allow_csv_import_from_file_urls=true
                                                                dbms.security.auth_enabled=true
                                                                dbms.security.procedures.unrestricted=apoc.*
                                                                server.bolt.enabled=true
                                                                server.directories.import=C:\Users\Jayprakash Damarla\Desktop\FlawFinder Latest\backend\neo4j-community-5.15.0\import
                                                                server.directories.neo4j_home=C:\Users\Jayprakash Damarla\Desktop\FlawFinder Latest\backend\neo4j-community-5.15.0
                                                                server.http.enabled=true
                                                                server.https.enabled=false
                                                                server.jvm.additional=-XX:+UseG1GC
-XX:-OmitStackTraceInFastThrow
-XX:+AlwaysPreTouch
-XX:+UnlockExperimentalVMOptions
-XX:+TrustFinalNonStaticFields
-XX:+DisableExplicitGC
-Djdk.nio.maxCachedBufferSize=1024
-Dio.netty.tryReflectionSetAccessible=true
-Djdk.tls.ephemeralDHKeySize=2048
-Djdk.tls.rejectClientInitiatedRenegotiation=true
-XX:FlightRecorderOptions=stackdepth=256
-XX:+UnlockDiagnosticVMOptions
-XX:+DebugNonSafepoints
--add-opens=java.base/java.nio=ALL-UNNAMED
--add-opens=java.base/java.io=ALL-UNNAMED
--add-opens=java.base/sun.nio.ch=ALL-UNNAMED
-Dlog4j2.disable.jmx=true
                                                                server.windows_service_name=neo4j
                                                                Directories in use:
                                                                server.directories.data=C:\Users\Jayprakash Damarla\Desktop\FlawFinder Latest\backend\neo4j-community-5.15.0\data
                                                                server.directories.dumps.root=C:\Users\Jayprakash Damarla\Desktop\FlawFinder Latest\backend\neo4j-community-5.15.0\data\dumps
                                                                server.directories.import=C:\Users\Jayprakash Damarla\Desktop\FlawFinder Latest\backend\neo4j-community-5.15.0\import
                                                                server.directories.lib=C:\Users\Jayprakash Damarla\Desktop\FlawFinder Latest\backend\neo4j-community-5.15.0\lib
                                                                server.directories.licenses=C:\Users\Jayprakash Damarla\Desktop\FlawFinder Latest\backend\neo4j-community-5.15.0\licenses
                                                                server.directories.logs=C:\Users\Jayprakash Damarla\Desktop\FlawFinder Latest\backend\neo4j-community-5.15.0\logs
                                                                server.directories.plugins=C:\Users\Jayprakash Damarla\Desktop\FlawFinder Latest\backend\neo4j-community-5.15.0\plugins
                                                                server.directories.run=C:\Users\Jayprakash Damarla\Desktop\FlawFinder Latest\backend\neo4j-community-5.15.0\run
                                                                server.directories.script.root=C:\Users\Jayprakash Damarla\Desktop\FlawFinder Latest\backend\neo4j-community-5.15.0\data\scripts
                                                                server.directories.transaction.logs.root=C:\Users\Jayprakash Damarla\Desktop\FlawFinder Latest\backend\neo4j-community-5.15.0\data\transactions
                                                                
                                                                --------------------------------------------------------------------------------
                                                                                                 [ Packaging ]                                  
                                                                --------------------------------------------------------------------------------
                                                                Edition: Community
                                                                Package Type: tar
                                                                
2025-09-11 18:19:16.900+0000 INFO  [o.n.d.i.DefaultIdentityModule] Generated new ServerId: ServerId{64525a15} (64525a15-4a7c-4ace-a939-33f080781c95)
2025-09-11 18:19:16.902+0000 INFO  [o.n.d.i.DefaultIdentityModule] This instance is ServerId{64525a15} (64525a15-4a7c-4ace-a939-33f080781c95)
2025-09-11 18:19:18.129+0000 INFO  [o.n.s.CommunityNeoWebServer] ======== Neo4j 5.15.0 ========
2025-09-11 18:19:18.170+0000 INFO  [o.n.d.d.DatabaseLifecycles] Creating 'DatabaseId{00000000[system]}'.
2025-09-11 18:19:18.525+0000 INFO  [o.n.b.BoltServer] Using connector transport NIO
2025-09-11 18:19:18.618+0000 INFO  [o.n.b.BoltServer] Configured external Bolt connector with listener address localhost/127.0.0.1:7687
2025-09-11 18:19:18.618+0000 INFO  [o.n.b.BoltServer] Bolt server loaded
2025-09-11 18:19:18.675+0000 INFO  [o.n.d.d.DatabaseLifecycles] Starting 'DatabaseId{00000000[system]}'.
2025-09-11 18:19:19.404+0000 INFO  [o.n.i.d.DiagnosticsManager] [system/00000000] 
                                                                [system/00000000] ********************************************************************************
                                                                [system/00000000]                               [ Database: system ]                              
                                                                [system/00000000] ********************************************************************************
                                                                [system/00000000] --------------------------------------------------------------------------------
                                                                [system/00000000]                                   [ Version ]                                   
                                                                [system/00000000] --------------------------------------------------------------------------------
                                                                [system/00000000] DBMS: community record-aligned-1.1
                                                                [system/00000000] Kernel version: 5.15.0
                                                                [system/00000000] 
                                                                [system/00000000] --------------------------------------------------------------------------------
                                                                [system/00000000]                                 [ Store files ]                                 
                                                                [system/00000000] --------------------------------------------------------------------------------
                                                                [system/00000000] Disk space on partition (Total / Free / Free %): 254855344128 / 23037648896 / 9
                                                                [system/00000000] Storage files stored on file store: NTFS
                                                                [system/00000000] Storage files: (filename : modification date - size)
                                                                [system/00000000]   neostore: 2025-09-11 18:19:19.225+0000 - 8.000KiB
                                                                [system/00000000]   neostore.counts.db: 2025-09-11 18:19:19.247+0000 - 0B
                                                                [system/00000000]   neostore.indexstats.db: 2025-09-11 18:19:19.269+0000 - 0B
                                                                [system/00000000]   neostore.labeltokenstore.db: 2025-09-11 18:19:19.204+0000 - 0B
                                                                [system/00000000]   neostore.labeltokenstore.db.id: 2025-09-11 18:19:19.203+0000 - 0B
                                                                [system/00000000]   neostore.labeltokenstore.db.names: 2025-09-11 18:19:19.199+0000 - 8.000KiB
                                                                [system/00000000]   neostore.labeltokenstore.db.names.id: 2025-09-11 18:19:19.196+0000 - 0B
                                                                [system/00000000]   neostore.nodestore.db: 2025-09-11 18:19:19.166+0000 - 0B
                                                                [system/00000000]   neostore.nodestore.db.id: 2025-09-11 18:19:19.163+0000 - 0B
                                                                [system/00000000]   neostore.nodestore.db.labels: 2025-09-11 18:19:19.157+0000 - 8.000KiB
                                                                [system/00000000]   neostore.nodestore.db.labels.id: 2025-09-11 18:19:19.124+0000 - 0B
                                                                [system/00000000]   neostore.propertystore.db: 2025-09-11 18:19:19.187+0000 - 0B
                                                                [system/00000000]   neostore.propertystore.db.arrays: 2025-09-11 18:19:19.182+0000 - 8.000KiB
                                                                [system/00000000]   neostore.propertystore.db.arrays.id: 2025-09-11 18:19:19.179+0000 - 0B
                                                                [system/00000000]   neostore.propertystore.db.id: 2025-09-11 18:19:19.187+0000 - 0B
                                                                [system/00000000]   neostore.propertystore.db.index: 2025-09-11 18:19:19.175+0000 - 0B
                                                                [system/00000000]   neostore.propertystore.db.index.id: 2025-09-11 18:19:19.173+0000 - 0B
                                                                [system/00000000]   neostore.propertystore.db.index.keys: 2025-09-11 18:19:19.170+0000 - 8.000KiB
                                                                [system/00000000]   neostore.propertystore.db.index.keys.id: 2025-09-11 18:19:19.168+0000 - 0B
                                                                [system/00000000]   neostore.propertystore.db.strings: 2025-09-11 18:19:19.177+0000 - 8.000KiB
                                                                [system/00000000]   neostore.propertystore.db.strings.id: 2025-09-11 18:19:19.176+0000 - 0B
                                                                [system/00000000]   neostore.relationshipgroupstore.db: 2025-09-11 18:19:19.217+0000 - 8.000KiB
                                                                [system/00000000]   neostore.relationshipgroupstore.db.id: 2025-09-11 18:19:19.213+0000 - 0B
                                                                [system/00000000]   neostore.relationshipgroupstore.degrees.db: 2025-09-11 18:19:19.260+0000 - 0B
                                                                [system/00000000]   neostore.relationshipstore.db: 2025-09-11 18:19:19.190+0000 - 0B
                                                                [system/00000000]   neostore.relationshipstore.db.id: 2025-09-11 18:19:19.189+0000 - 0B
                                                                [system/00000000]   neostore.relationshiptypestore.db: 2025-09-11 18:19:19.196+0000 - 0B
                                                                [system/00000000]   neostore.relationshiptypestore.db.id: 2025-09-11 18:19:19.194+0000 - 0B
                                                                [system/00000000]   neostore.relationshiptypestore.db.names: 2025-09-11 18:19:19.192+0000 - 8.000KiB
                                                                [system/00000000]   neostore.relationshiptypestore.db.names.id: 2025-09-11 18:19:19.191+0000 - 0B
                                                                [system/00000000]   neostore.schemastore.db: 2025-09-11 18:19:19.210+0000 - 8.000KiB
                                                                [system/00000000]   neostore.schemastore.db.id: 2025-09-11 18:19:19.209+0000 - 0B
                                                                [system/00000000] Storage summary: 
                                                                [system/00000000]   Total size of store: 72.00KiB
                                                                [system/00000000]   Total size of mapped files: 72.00KiB
                                                                [system/00000000] 
                                                                [system/00000000] --------------------------------------------------------------------------------
                                                                [system/00000000]                               [ Transaction log ]                               
                                                                [system/00000000] --------------------------------------------------------------------------------
                                                                [system/00000000] Transaction log files stored on file store: NTFS
                                                                [system/00000000] Transaction log metadata:
                                                                [system/00000000]  - current kernel version used in transactions: V5_15
                                                                [system/00000000]  - last committed transaction id: 1
                                                                [system/00000000] Transaction log files:
                                                                [system/00000000]  - existing transaction log versions: -1--1
                                                                [system/00000000]  - no transactions found
                                                                [system/00000000] Checkpoint log files:
                                                                [system/00000000]  - existing checkpoint log versions: -1--1
                                                                [system/00000000]  - no checkpoints found
                                                                [system/00000000] 
                                                                [system/00000000] --------------------------------------------------------------------------------
                                                                [system/00000000]                                   [ Id usage ]                                  
                                                                [system/00000000] --------------------------------------------------------------------------------
                                                                [system/00000000] ArrayPropertyStore[neostore.nodestore.db.labels]: used=1 high=0
                                                                [system/00000000] NodeStore[neostore.nodestore.db]: used=0 high=-1
                                                                [system/00000000] StringPropertyStore[neostore.propertystore.db.index.keys]: used=1 high=0
                                                                [system/00000000] PropertyIndexStore[neostore.propertystore.db.index]: used=0 high=-1
                                                                [system/00000000] StringPropertyStore[neostore.propertystore.db.strings]: used=1 high=0
                                                                [system/00000000] ArrayPropertyStore[neostore.propertystore.db.arrays]: used=1 high=0
                                                                [system/00000000] PropertyStore[neostore.propertystore.db]: used=0 high=-1
                                                                [system/00000000] RelationshipStore[neostore.relationshipstore.db]: used=0 high=-1
                                                                [system/00000000] StringPropertyStore[neostore.relationshiptypestore.db.names]: used=1 high=0
                                                                [system/00000000] RelationshipTypeStore[neostore.relationshiptypestore.db]: used=0 high=-1
                                                                [system/00000000] StringPropertyStore[neostore.labeltokenstore.db.names]: used=1 high=0
                                                                [system/00000000] LabelTokenStore[neostore.labeltokenstore.db]: used=0 high=-1
                                                                [system/00000000] SchemaStore[neostore.schemastore.db]: used=1 high=0
                                                                [system/00000000] RelationshipGroupStore[neostore.relationshipgroupstore.db]: used=1 high=0
                                                                [system/00000000] NeoStore[neostore]: used=-1 high=-1
                                                                [system/00000000] 
                                                                [system/00000000] --------------------------------------------------------------------------------
                                                                [system/00000000]                                   [ Metadata ]                                  
                                                                [system/00000000] --------------------------------------------------------------------------------
                                                                [system/00000000] EXTERNAL_STORE_UUID (Database identifier exposed as external store identity. Generated on creation and never updated): 5ec207ee-210d-44cd-b896-5abcb21465ae
                                                                [system/00000000] DATABASE_ID (The last used DatabaseId for this database): null
                                                                [system/00000000] LEGACY_STORE_VERSION (Legacy store format version. This field is used from 5.0 onwards only to distinguish non-migrated pre 5.0 metadata stores.): -3523014627327384477
                                                                [system/00000000] STORE_ID (Store ID): StoreId{creationTime=1757614759223, random=-6160318474181028182, storageEngineName='record', formatName='aligned', majorVersion=1, minorVersion=1}
                                                                [system/00000000] 
2025-09-11 18:19:19.434+0000 INFO  [o.n.k.a.DatabaseAvailabilityGuard] [system/00000000] Requirement `Database unavailable` makes database system unavailable.
2025-09-11 18:19:19.435+0000 INFO  [o.n.k.a.DatabaseAvailabilityGuard] [system/00000000] DatabaseId{00000000[system]} is unavailable.
2025-09-11 18:19:19.446+0000 WARN  [o.n.k.i.s.MetaDataStore] [system/00000000] Missing counts store, rebuilding it.
2025-09-11 18:19:19.455+0000 WARN  [o.n.k.i.s.MetaDataStore] [system/00000000] Counts store rebuild completed.
2025-09-11 18:19:19.468+0000 INFO  [o.n.k.d.Database] [system/00000000] Starting transaction log [C:\Users\Jayprakash Damarla\Desktop\FlawFinder Latest\backend\neo4j-community-5.15.0\data\transactions\system\neostore.transaction.db.0] at version=0
2025-09-11 18:19:19.475+0000 INFO  [o.n.k.d.Database] [system/00000000] Starting transaction log [C:\Users\Jayprakash Damarla\Desktop\FlawFinder Latest\backend\neo4j-community-5.15.0\data\transactions\system\checkpoint.0] at version=0
2025-09-11 18:19:19.478+0000 INFO  [o.n.k.i.t.l.f.c.CheckpointLogFile] [system/00000000] Scanning log file with version 0 for checkpoint entries
2025-09-11 18:19:19.526+0000 INFO  [o.n.k.a.DatabaseAvailabilityGuard] [system/00000000] Fulfilling of requirement 'Database unavailable' makes database system available.
2025-09-11 18:19:19.526+0000 INFO  [o.n.k.a.DatabaseAvailabilityGuard] [system/00000000] DatabaseId{00000000[system]} is ready.
2025-09-11 18:19:19.914+0000 INFO  [o.n.k.i.a.i.IndexPopulationJob] [system/00000000] Index population started: [Index( id=1, name='index_343aff4e', type='LOOKUP', schema=(:<any-labels>), indexProvider='token-lookup-1.0' )]
2025-09-11 18:19:19.957+0000 INFO  [o.n.k.i.a.i.IndexPopulationJob] [system/00000000] Index creation finished for index [Index( id=1, name='index_343aff4e', type='LOOKUP', schema=(:<any-labels>), indexProvider='token-lookup-1.0' )].
2025-09-11 18:19:19.967+0000 INFO  [o.n.k.i.a.i.IndexPopulationJob] [system/00000000] Index population started: [Index( id=2, name='index_f7700477', type='LOOKUP', schema=()-[:<any-types>]-(), indexProvider='token-lookup-1.0' )]
2025-09-11 18:19:19.979+0000 INFO  [o.n.k.i.a.i.IndexPopulationJob] [system/00000000] Index creation finished for index [Index( id=2, name='index_f7700477', type='LOOKUP', schema=()-[:<any-types>]-(), indexProvider='token-lookup-1.0' )].
2025-09-11 18:19:19.984+0000 INFO  [o.n.k.i.t.l.c.CheckPointerImpl] [system/00000000] Checkpoint triggered by "Database init completed." @ txId: 3 checkpoint started...
2025-09-11 18:19:20.055+0000 INFO  [o.n.k.i.t.l.c.CheckPointerImpl] [system/00000000] Checkpoint triggered by "Database init completed." @ txId: 3 checkpoint completed in 69ms. Checkpoint flushed 74 pages (0% of total available pages), in 57 IOs. Checkpoint performed with IO limit: unlimited, paused in total 0 times( 0 millis).
2025-09-11 18:19:20.060+0000 INFO  [o.n.k.i.t.l.p.LogPruningImpl] [system/00000000] No log version pruned. The strategy used was '2 days 2147483648 size'. 
2025-09-11 18:19:20.194+0000 INFO  [o.n.k.i.a.i.IndexPopulationJob] [system/00000000] Index population started: [Index( id=3, name='constraint_798238d6', type='RANGE', schema=(:DatabaseName {name, namespace}), indexProvider='range-1.0' )]
2025-09-11 18:19:20.228+0000 INFO  [o.n.k.i.a.i.IndexPopulationJob] [system/00000000] Index creation finished for index [Index( id=3, name='constraint_798238d6', type='RANGE', schema=(:DatabaseName {name, namespace}), indexProvider='range-1.0' )].
2025-09-11 18:19:20.250+0000 INFO  [o.n.k.i.a.i.IndexPopulationJob] [system/00000000] Index population started: [Index( id=4, name='constraint_8014b60a', type='RANGE', schema=(:Database {name}), indexProvider='range-1.0' )]
2025-09-11 18:19:20.268+0000 INFO  [o.n.k.i.a.i.IndexPopulationJob] [system/00000000] Index creation finished for index [Index( id=4, name='constraint_8014b60a', type='RANGE', schema=(:Database {name}), indexProvider='range-1.0' )].
2025-09-11 18:19:20.300+0000 INFO  [o.n.k.i.a.i.IndexingService] [system/00000000] Constraint Index( id=3, name='constraint_798238d6', type='RANGE', schema=(:Label[1] {PropertyKey[11], PropertyKey[12]}), indexProvider='range-1.0' ) is ONLINE.
2025-09-11 18:19:20.301+0000 INFO  [o.n.k.i.a.i.IndexingService] [system/00000000] Constraint Index( id=4, name='constraint_8014b60a', type='RANGE', schema=(:Label[2] {PropertyKey[11]}), indexProvider='range-1.0' ) is ONLINE.
2025-09-11 18:19:20.489+0000 INFO  [o.n.k.i.a.i.IndexPopulationJob] [system/00000000] Index population started: [Index( id=7, name='constraint_5789ae3', type='RANGE', schema=(:User {name}), indexProvider='range-1.0' )]
2025-09-11 18:19:20.510+0000 INFO  [o.n.k.i.a.i.IndexPopulationJob] [system/00000000] Index creation finished for index [Index( id=7, name='constraint_5789ae3', type='RANGE', schema=(:User {name}), indexProvider='range-1.0' )].
2025-09-11 18:19:20.540+0000 INFO  [o.n.k.i.a.i.IndexPopulationJob] [system/00000000] Index population started: [Index( id=8, name='constraint_74fad970', type='RANGE', schema=(:User {id}), indexProvider='range-1.0' )]
2025-09-11 18:19:20.572+0000 INFO  [o.n.k.i.a.i.IndexPopulationJob] [system/00000000] Index creation finished for index [Index( id=8, name='constraint_74fad970', type='RANGE', schema=(:User {id}), indexProvider='range-1.0' )].
2025-09-11 18:19:20.588+0000 INFO  [o.n.k.i.a.i.IndexingService] [system/00000000] Constraint Index( id=7, name='constraint_5789ae3', type='RANGE', schema=(:Label[3] {PropertyKey[11]}), indexProvider='range-1.0' ) is ONLINE.
2025-09-11 18:19:20.589+0000 INFO  [o.n.k.i.a.i.IndexingService] [system/00000000] Constraint Index( id=8, name='constraint_74fad970', type='RANGE', schema=(:Label[3] {PropertyKey[26]}), indexProvider='range-1.0' ) is ONLINE.
2025-09-11 18:19:20.592+0000 INFO  [o.n.s.s.s.UserSecurityGraphComponent] Initializing system graph model for component 'security-users' with version -1 and status UNINITIALIZED
2025-09-11 18:19:20.599+0000 INFO  [o.n.s.s.s.UserSecurityGraphComponent] Setting up initial user from defaults: neo4j
2025-09-11 18:19:20.600+0000 INFO  [o.n.s.s.a.CommunitySecurityModule] CREATE USER neo4j PASSWORD ****** CHANGE REQUIRED
2025-09-11 18:19:20.610+0000 INFO  [o.n.s.s.s.UserSecurityGraphComponent] Setting version for 'security-users' to 4
2025-09-11 18:19:20.613+0000 INFO  [o.n.s.s.s.UserSecurityGraphComponent] After initialization of system graph model component 'security-users' have version 4 and status CURRENT
2025-09-11 18:19:20.618+0000 INFO  [o.n.s.s.s.UserSecurityGraphComponent] Performing postInitialization step for component 'security-users' with version 4 and status CURRENT
2025-09-11 18:19:20.623+0000 INFO  [o.n.d.d.DatabaseLifecycles] Creating 'DatabaseId{ec133b5e[neo4j]}'.
2025-09-11 18:19:20.624+0000 INFO  [o.n.d.d.DatabaseLifecycles] Starting 'DatabaseId{ec133b5e[neo4j]}'.
2025-09-11 18:19:20.632+0000 INFO  [o.n.k.i.s.f.RecordFormatSelector] [neo4j/ec133b5e] Selected configured format for store C:\Users\Jayprakash Damarla\Desktop\FlawFinder Latest\backend\neo4j-community-5.15.0\data\databases\neo4j: RecordFormat:PageAlignedV5_0[aligned-1.1]
2025-09-11 18:19:20.676+0000 INFO  [o.n.i.d.DiagnosticsManager] [neo4j/ec133b5e] 
                                                                [neo4j/ec133b5e] ********************************************************************************
                                                                [neo4j/ec133b5e]                               [ Database: neo4j ]                               
                                                                [neo4j/ec133b5e] ********************************************************************************
                                                                [neo4j/ec133b5e] --------------------------------------------------------------------------------
                                                                [neo4j/ec133b5e]                                   [ Version ]                                   
                                                                [neo4j/ec133b5e] --------------------------------------------------------------------------------
                                                                [neo4j/ec133b5e] DBMS: community record-aligned-1.1
                                                                [neo4j/ec133b5e] Kernel version: 5.15.0
                                                                [neo4j/ec133b5e] 
                                                                [neo4j/ec133b5e] --------------------------------------------------------------------------------
                                                                [neo4j/ec133b5e]                                 [ Store files ]                                 
                                                                [neo4j/ec133b5e] --------------------------------------------------------------------------------
                                                                [neo4j/ec133b5e] Disk space on partition (Total / Free / Free %): 254855344128 / 23035990016 / 9
                                                                [neo4j/ec133b5e] Storage files stored on file store: NTFS
                                                                [neo4j/ec133b5e] Storage files: (filename : modification date - size)
                                                                [neo4j/ec133b5e]   neostore: 2025-09-11 18:19:20.661+0000 - 8.000KiB
                                                                [neo4j/ec133b5e]   neostore.counts.db: 2025-09-11 18:19:20.661+0000 - 0B
                                                                [neo4j/ec133b5e]   neostore.indexstats.db: 2025-09-11 18:19:20.664+0000 - 0B
                                                                [neo4j/ec133b5e]   neostore.labeltokenstore.db: 2025-09-11 18:19:20.655+0000 - 0B
                                                                [neo4j/ec133b5e]   neostore.labeltokenstore.db.id: 2025-09-11 18:19:20.654+0000 - 0B
                                                                [neo4j/ec133b5e]   neostore.labeltokenstore.db.names: 2025-09-11 18:19:20.653+0000 - 8.000KiB
                                                                [neo4j/ec133b5e]   neostore.labeltokenstore.db.names.id: 2025-09-11 18:19:20.652+0000 - 0B
                                                                [neo4j/ec133b5e]   neostore.nodestore.db: 2025-09-11 18:19:20.637+0000 - 0B
                                                                [neo4j/ec133b5e]   neostore.nodestore.db.id: 2025-09-11 18:19:20.636+0000 - 0B
                                                                [neo4j/ec133b5e]   neostore.nodestore.db.labels: 2025-09-11 18:19:20.634+0000 - 8.000KiB
                                                                [neo4j/ec133b5e]   neostore.nodestore.db.labels.id: 2025-09-11 18:19:20.634+0000 - 0B
                                                                [neo4j/ec133b5e]   neostore.propertystore.db: 2025-09-11 18:19:20.645+0000 - 0B
                                                                [neo4j/ec133b5e]   neostore.propertystore.db.arrays: 2025-09-11 18:19:20.643+0000 - 8.000KiB
                                                                [neo4j/ec133b5e]   neostore.propertystore.db.arrays.id: 2025-09-11 18:19:20.642+0000 - 0B
                                                                [neo4j/ec133b5e]   neostore.propertystore.db.id: 2025-09-11 18:19:20.645+0000 - 0B
                                                                [neo4j/ec133b5e]   neostore.propertystore.db.index: 2025-09-11 18:19:20.640+0000 - 0B
                                                                [neo4j/ec133b5e]   neostore.propertystore.db.index.id: 2025-09-11 18:19:20.640+0000 - 0B
                                                                [neo4j/ec133b5e]   neostore.propertystore.db.index.keys: 2025-09-11 18:19:20.638+0000 - 8.000KiB
                                                                [neo4j/ec133b5e]   neostore.propertystore.db.index.keys.id: 2025-09-11 18:19:20.638+0000 - 0B
                                                                [neo4j/ec133b5e]   neostore.propertystore.db.strings: 2025-09-11 18:19:20.641+0000 - 8.000KiB
                                                                [neo4j/ec133b5e]   neostore.propertystore.db.strings.id: 2025-09-11 18:19:20.641+0000 - 0B
                                                                [neo4j/ec133b5e]   neostore.relationshipgroupstore.db: 2025-09-11 18:19:20.659+0000 - 8.000KiB
                                                                [neo4j/ec133b5e]   neostore.relationshipgroupstore.db.id: 2025-09-11 18:19:20.659+0000 - 0B
                                                                [neo4j/ec133b5e]   neostore.relationshipgroupstore.degrees.db: 2025-09-11 18:19:20.663+0000 - 0B
                                                                [neo4j/ec133b5e]   neostore.relationshipstore.db: 2025-09-11 18:19:20.647+0000 - 0B
                                                                [neo4j/ec133b5e]   neostore.relationshipstore.db.id: 2025-09-11 18:19:20.646+0000 - 0B
                                                                [neo4j/ec133b5e]   neostore.relationshiptypestore.db: 2025-09-11 18:19:20.651+0000 - 0B
                                                                [neo4j/ec133b5e]   neostore.relationshiptypestore.db.id: 2025-09-11 18:19:20.650+0000 - 0B
                                                                [neo4j/ec133b5e]   neostore.relationshiptypestore.db.names: 2025-09-11 18:19:20.649+0000 - 8.000KiB
                                                                [neo4j/ec133b5e]   neostore.relationshiptypestore.db.names.id: 2025-09-11 18:19:20.648+0000 - 0B
                                                                [neo4j/ec133b5e]   neostore.schemastore.db: 2025-09-11 18:19:20.656+0000 - 8.000KiB
                                                                [neo4j/ec133b5e]   neostore.schemastore.db.id: 2025-09-11 18:19:20.655+0000 - 0B
                                                                [neo4j/ec133b5e] Storage summary: 
                                                                [neo4j/ec133b5e]   Total size of store: 72.00KiB
                                                                [neo4j/ec133b5e]   Total size of mapped files: 72.00KiB
                                                                [neo4j/ec133b5e] 
                                                                [neo4j/ec133b5e] --------------------------------------------------------------------------------
                                                                [neo4j/ec133b5e]                               [ Transaction log ]                               
                                                                [neo4j/ec133b5e] --------------------------------------------------------------------------------
                                                                [neo4j/ec133b5e] Transaction log files stored on file store: NTFS
                                                                [neo4j/ec133b5e] Transaction log metadata:
                                                                [neo4j/ec133b5e]  - current kernel version used in transactions: V5_15
                                                                [neo4j/ec133b5e]  - last committed transaction id: 1
                                                                [neo4j/ec133b5e] Transaction log files:
                                                                [neo4j/ec133b5e]  - existing transaction log versions: -1--1
                                                                [neo4j/ec133b5e]  - no transactions found
                                                                [neo4j/ec133b5e] Checkpoint log files:
                                                                [neo4j/ec133b5e]  - existing checkpoint log versions: -1--1
                                                                [neo4j/ec133b5e]  - no checkpoints found
                                                                [neo4j/ec133b5e] 
                                                                [neo4j/ec133b5e] --------------------------------------------------------------------------------
                                                                [neo4j/ec133b5e]                                   [ Id usage ]                                  
                                                                [neo4j/ec133b5e] --------------------------------------------------------------------------------
                                                                [neo4j/ec133b5e] ArrayPropertyStore[neostore.nodestore.db.labels]: used=1 high=0
                                                                [neo4j/ec133b5e] NodeStore[neostore.nodestore.db]: used=0 high=-1
                                                                [neo4j/ec133b5e] StringPropertyStore[neostore.propertystore.db.index.keys]: used=1 high=0
                                                                [neo4j/ec133b5e] PropertyIndexStore[neostore.propertystore.db.index]: used=0 high=-1
                                                                [neo4j/ec133b5e] StringPropertyStore[neostore.propertystore.db.strings]: used=1 high=0
                                                                [neo4j/ec133b5e] ArrayPropertyStore[neostore.propertystore.db.arrays]: used=1 high=0
                                                                [neo4j/ec133b5e] PropertyStore[neostore.propertystore.db]: used=0 high=-1
                                                                [neo4j/ec133b5e] RelationshipStore[neostore.relationshipstore.db]: used=0 high=-1
                                                                [neo4j/ec133b5e] StringPropertyStore[neostore.relationshiptypestore.db.names]: used=1 high=0
                                                                [neo4j/ec133b5e] RelationshipTypeStore[neostore.relationshiptypestore.db]: used=0 high=-1
                                                                [neo4j/ec133b5e] StringPropertyStore[neostore.labeltokenstore.db.names]: used=1 high=0
                                                                [neo4j/ec133b5e] LabelTokenStore[neostore.labeltokenstore.db]: used=0 high=-1
                                                                [neo4j/ec133b5e] SchemaStore[neostore.schemastore.db]: used=1 high=0
                                                                [neo4j/ec133b5e] RelationshipGroupStore[neostore.relationshipgroupstore.db]: used=1 high=0
                                                                [neo4j/ec133b5e] NeoStore[neostore]: used=-1 high=-1
                                                                [neo4j/ec133b5e] 
                                                                [neo4j/ec133b5e] --------------------------------------------------------------------------------
                                                                [neo4j/ec133b5e]                                   [ Metadata ]                                  
                                                                [neo4j/ec133b5e] --------------------------------------------------------------------------------
                                                                [neo4j/ec133b5e] EXTERNAL_STORE_UUID (Database identifier exposed as external store identity. Generated on creation and never updated): f200f7a9-dd67-4ace-9766-5455b849bbe0
                                                                [neo4j/ec133b5e] DATABASE_ID (The last used DatabaseId for this database): null
                                                                [neo4j/ec133b5e] LEGACY_STORE_VERSION (Legacy store format version. This field is used from 5.0 onwards only to distinguish non-migrated pre 5.0 metadata stores.): -3523014627327384477
                                                                [neo4j/ec133b5e] STORE_ID (Store ID): StoreId{creationTime=1757614760661, random=-2695572398239501743, storageEngineName='record', formatName='aligned', majorVersion=1, minorVersion=1}
                                                                [neo4j/ec133b5e] 
2025-09-11 18:19:20.679+0000 INFO  [o.n.k.a.DatabaseAvailabilityGuard] [neo4j/ec133b5e] Requirement `Database unavailable` makes database neo4j unavailable.
2025-09-11 18:19:20.679+0000 INFO  [o.n.k.a.DatabaseAvailabilityGuard] [neo4j/ec133b5e] DatabaseId{ec133b5e[neo4j]} is unavailable.
2025-09-11 18:19:20.682+0000 WARN  [o.n.k.i.s.MetaDataStore] [neo4j/ec133b5e] Missing counts store, rebuilding it.
2025-09-11 18:19:20.682+0000 WARN  [o.n.k.i.s.MetaDataStore] [neo4j/ec133b5e] Counts store rebuild completed.
2025-09-11 18:19:20.685+0000 INFO  [o.n.k.d.Database] [neo4j/ec133b5e] Starting transaction log [C:\Users\Jayprakash Damarla\Desktop\FlawFinder Latest\backend\neo4j-community-5.15.0\data\transactions\neo4j\neostore.transaction.db.0] at version=0
2025-09-11 18:19:20.689+0000 INFO  [o.n.k.d.Database] [neo4j/ec133b5e] Starting transaction log [C:\Users\Jayprakash Damarla\Desktop\FlawFinder Latest\backend\neo4j-community-5.15.0\data\transactions\neo4j\checkpoint.0] at version=0
2025-09-11 18:19:20.691+0000 INFO  [o.n.k.i.t.l.f.c.CheckpointLogFile] [neo4j/ec133b5e] Scanning log file with version 0 for checkpoint entries
2025-09-11 18:19:20.693+0000 INFO  [o.n.k.a.DatabaseAvailabilityGuard] [neo4j/ec133b5e] Fulfilling of requirement 'Database unavailable' makes database neo4j available.
2025-09-11 18:19:20.694+0000 INFO  [o.n.k.a.DatabaseAvailabilityGuard] [neo4j/ec133b5e] DatabaseId{ec133b5e[neo4j]} is ready.
2025-09-11 18:19:20.701+0000 INFO  [o.n.k.i.a.i.IndexPopulationJob] [neo4j/ec133b5e] Index population started: [Index( id=1, name='index_343aff4e', type='LOOKUP', schema=(:<any-labels>), indexProvider='token-lookup-1.0' )]
2025-09-11 18:19:20.719+0000 INFO  [o.n.k.i.a.i.IndexPopulationJob] [neo4j/ec133b5e] Index creation finished for index [Index( id=1, name='index_343aff4e', type='LOOKUP', schema=(:<any-labels>), indexProvider='token-lookup-1.0' )].
2025-09-11 18:19:20.721+0000 INFO  [o.n.k.i.a.i.IndexPopulationJob] [neo4j/ec133b5e] Index population started: [Index( id=2, name='index_f7700477', type='LOOKUP', schema=()-[:<any-types>]-(), indexProvider='token-lookup-1.0' )]
2025-09-11 18:19:20.735+0000 INFO  [o.n.k.i.a.i.IndexPopulationJob] [neo4j/ec133b5e] Index creation finished for index [Index( id=2, name='index_f7700477', type='LOOKUP', schema=()-[:<any-types>]-(), indexProvider='token-lookup-1.0' )].
2025-09-11 18:19:20.738+0000 INFO  [o.n.k.i.t.l.c.CheckPointerImpl] [neo4j/ec133b5e] Checkpoint triggered by "Database init completed." @ txId: 3 checkpoint started...
2025-09-11 18:19:20.790+0000 INFO  [o.n.k.i.t.l.c.CheckPointerImpl] [neo4j/ec133b5e] Checkpoint triggered by "Database init completed." @ txId: 3 checkpoint completed in 52ms. Checkpoint flushed 74 pages (0% of total available pages), in 58 IOs. Checkpoint performed with IO limit: unlimited, paused in total 0 times( 0 millis).
2025-09-11 18:19:20.791+0000 INFO  [o.n.k.i.t.l.p.LogPruningImpl] [neo4j/ec133b5e] No log version pruned. The strategy used was '2 days 2147483648 size'. 
2025-09-11 18:19:20.837+0000 INFO  [o.n.b.p.c.c.n.SocketNettyConnector] Bolt enabled on localhost:7687.
2025-09-11 18:19:20.837+0000 INFO  [o.n.b.BoltServer] Bolt server started
2025-09-11 18:19:20.838+0000 INFO  [o.n.s.A.ServerComponentsLifecycleAdapter] Starting web server
2025-09-11 18:19:21.722+0000 INFO  [o.n.s.CommunityNeoWebServer] HTTP enabled on localhost:7474.
2025-09-11 18:19:21.723+0000 INFO  [o.n.s.CommunityNeoWebServer] Remote interface available at http://localhost:7474/
2025-09-11 18:19:21.723+0000 INFO  [o.n.s.A.ServerComponentsLifecycleAdapter] Web server started.
2025-09-11 18:19:21.726+0000 INFO  [o.n.g.f.DatabaseManagementServiceFactory] id: 3F94FEF19DD2F119485FE66295B254F0749B0BF210DE2728EA8803544A773755
2025-09-11 18:19:21.727+0000 INFO  [o.n.g.f.DatabaseManagementServiceFactory] name: system
2025-09-11 18:19:21.727+0000 INFO  [o.n.g.f.DatabaseManagementServiceFactory] creationDate: 2025-09-11T18:19:19.223Z
2025-09-11 18:20:50.206+0000 INFO  [o.n.g.f.DatabaseManagementServiceFactory] Shutdown started
2025-09-11 18:20:50.229+0000 INFO  [o.n.b.BoltServer] Requested Bolt server shutdown
2025-09-11 18:20:50.230+0000 INFO  [o.n.b.p.c.c.ConnectionRegistry] Stopping remaining idle connections for connector bolt
2025-09-11 18:20:50.230+0000 INFO  [o.n.b.p.c.c.ConnectionRegistry] Stopped 0 idling connections for connector bolt
2025-09-11 18:20:50.234+0000 INFO  [o.n.d.d.DatabaseLifecycles] Stopping 'DatabaseId{ec133b5e[neo4j]}'.
2025-09-11 18:20:50.243+0000 INFO  [o.n.k.a.DatabaseAvailabilityGuard] [neo4j/ec133b5e] Requirement `Database unavailable` makes database neo4j unavailable.
2025-09-11 18:20:50.244+0000 INFO  [o.n.k.a.DatabaseAvailabilityGuard] [neo4j/ec133b5e] DatabaseId{ec133b5e[neo4j]} is unavailable.
2025-09-11 18:20:50.245+0000 INFO  [o.n.k.d.Database] [neo4j/ec133b5e] Waiting for closing transactions.
2025-09-11 18:20:50.246+0000 INFO  [o.n.k.d.Database] [neo4j/ec133b5e] All transactions are closed.
2025-09-11 18:20:50.247+0000 INFO  [o.n.k.i.t.l.c.CheckPointerImpl] [neo4j/ec133b5e] Checkpoint triggered by "Database shutdown" @ txId: 3 checkpoint started...
2025-09-11 18:20:50.280+0000 INFO  [o.n.k.i.t.l.c.CheckPointerImpl] [neo4j/ec133b5e] Checkpoint triggered by "Database shutdown" @ txId: 3 checkpoint completed in 33ms. Checkpoint flushed 22 pages (0% of total available pages), in 22 IOs. Checkpoint performed with IO limit: unlimited, paused in total 0 times( 0 millis).
2025-09-11 18:20:50.280+0000 INFO  [o.n.k.i.t.l.p.LogPruningImpl] [neo4j/ec133b5e] No log version pruned. The strategy used was '2 days 2147483648 size'. 
2025-09-11 18:20:50.328+0000 INFO  [o.n.d.d.DatabaseLifecycles] Stopped 'DatabaseId{ec133b5e[neo4j]}' successfully.
2025-09-11 18:20:50.328+0000 INFO  [o.n.d.d.DatabaseLifecycles] Stopping 'DatabaseId{00000000[system]}'.
2025-09-11 18:20:50.328+0000 INFO  [o.n.k.a.DatabaseAvailabilityGuard] [system/00000000] Requirement `Database unavailable` makes database system unavailable.
2025-09-11 18:20:50.328+0000 INFO  [o.n.k.a.DatabaseAvailabilityGuard] [system/00000000] DatabaseId{00000000[system]} is unavailable.
2025-09-11 18:20:50.329+0000 INFO  [o.n.k.d.Database] [system/00000000] Waiting for closing transactions.
2025-09-11 18:20:50.330+0000 INFO  [o.n.k.d.Database] [system/00000000] All transactions are closed.
2025-09-11 18:20:50.330+0000 INFO  [o.n.k.i.t.l.c.CheckPointerImpl] [system/00000000] Checkpoint triggered by "Database shutdown" @ txId: 37 checkpoint started...
2025-09-11 18:20:50.402+0000 INFO  [o.n.k.i.t.l.c.CheckPointerImpl] [system/00000000] Checkpoint triggered by "Database shutdown" @ txId: 37 checkpoint completed in 71ms. Checkpoint flushed 69 pages (0% of total available pages), in 69 IOs. Checkpoint performed with IO limit: unlimited, paused in total 0 times( 0 millis).
2025-09-11 18:20:50.402+0000 INFO  [o.n.k.i.t.l.p.LogPruningImpl] [system/00000000] No log version pruned. The strategy used was '2 days 2147483648 size'. 
2025-09-11 18:20:50.455+0000 INFO  [o.n.d.d.DatabaseLifecycles] Stopped 'DatabaseId{00000000[system]}' successfully.
2025-09-11 18:20:50.457+0000 INFO  [o.n.b.BoltServer] Shutting down Bolt server
2025-09-11 18:20:50.457+0000 INFO  [o.n.b.p.c.c.ConnectionRegistry] Stopping 0 connections for connector bolt
2025-09-11 18:20:50.457+0000 INFO  [o.n.b.p.c.c.ConnectionRegistry] Stopped all remaining connections for connector bolt
2025-09-11 18:20:55.507+0000 INFO  [o.n.b.BoltServer] Bolt server has been shut down
2025-09-11 18:21:30.396+0000 INFO  [o.n.g.f.m.GlobalModule] Logging config in use: File 'C:\Users\Jayprakash Damarla\Desktop\FlawFinder Latest\backend\neo4j-community-5.15.0\conf\server-logs.xml'
2025-09-11 18:21:30.561+0000 WARN  [o.n.k.i.JvmChecker] You are using an unsupported version of the Java runtime. Please use Java(TM) 17 or Java(TM) 21 to run Neo4j.
2025-09-11 18:21:30.561+0000 WARN  [o.n.k.i.JvmChecker] The max heap memory has not been configured. It is recommended that it is always explicitly configured, to ensure the system has a balanced configuration. Until then, a JVM computed heuristic of 2105540608 bytes is used instead. If you are running neo4j server, you need to configure server.memory.heap.max_size in neo4j.conf. If you are running neo4j embedded, you have to launch the JVM with -Xmx set to a value. You can run neo4j-admin server memory-recommendation for memory configuration suggestions.
2025-09-11 18:21:30.561+0000 WARN  [o.n.k.i.JvmChecker] The initial heap memory has not been configured. It is recommended that it is always explicitly configured, to ensure the system has a balanced configuration. Until then, a JVM computed heuristic of 132120576 bytes is used instead. If you are running neo4j server, you need to configure server.memory.heap.initial_size in neo4j.conf. If you are running neo4j embedded, you have to launch the JVM with -Xms set to a value. You can run neo4j-admin server memory-recommendation for memory configuration suggestions.
2025-09-11 18:21:30.712+0000 WARN  [o.n.i.p.PageCache] The server.memory.pagecache.size setting has not been configured. It is recommended that this setting is always explicitly configured, to ensure the system has a balanced configuration. Until then, a computed heuristic value of 3156764672 bytes will be used instead. Run `neo4j-admin memory-recommendation` for memory configuration suggestions.
2025-09-11 18:21:30.925+0000 INFO  [o.n.i.d.DiagnosticsManager] 
                                                                ********************************************************************************
                                                                                             [ System diagnostics ]                             
                                                                ********************************************************************************
                                                                --------------------------------------------------------------------------------
                                                                                         [ System memory information ]                          
                                                                --------------------------------------------------------------------------------
                                                                Total Physical memory: 7.841GiB
                                                                Free Physical memory: 1.185GiB
                                                                Committed virtual memory: 236.5MiB
                                                                Total swap space: 15.59GiB
                                                                Free swap space: 1.598GiB
                                                                
                                                                --------------------------------------------------------------------------------
                                                                                           [ JVM memory information ]                           
                                                                --------------------------------------------------------------------------------
                                                                Free  memory: 47.14MiB
                                                                Total memory: 80.00MiB
                                                                Max   memory: 1.961GiB
                                                                Garbage Collector: G1 Young Generation: [G1 Eden Space, G1 Survivor Space, G1 Old Gen]
                                                                Garbage Collector: G1 Concurrent GC: [G1 Old Gen]
                                                                Garbage Collector: G1 Old Generation: [G1 Eden Space, G1 Survivor Space, G1 Old Gen]
                                                                Memory Pool: CodeHeap 'non-nmethods' (Non-heap memory): committed=2.438MiB, used=1.512MiB, max=5.563MiB, threshold=0B
                                                                Memory Pool: Metaspace (Non-heap memory): committed=23.00MiB, used=22.66MiB, max=-1B, threshold=0B
                                                                Memory Pool: CodeHeap 'profiled nmethods' (Non-heap memory): committed=4.938MiB, used=4.937MiB, max=117.2MiB, threshold=0B
                                                                Memory Pool: Compressed Class Space (Non-heap memory): committed=2.625MiB, used=2.462MiB, max=1.000GiB, threshold=0B
                                                                Memory Pool: G1 Eden Space (Heap memory): committed=46.00MiB, used=9.000MiB, max=-1B, threshold=?
                                                                Memory Pool: G1 Old Gen (Heap memory): committed=32.00MiB, used=21.96MiB, max=1.961GiB, threshold=0B
                                                                Memory Pool: G1 Survivor Space (Heap memory): committed=2.000MiB, used=1.902MiB, max=-1B, threshold=?
                                                                Memory Pool: CodeHeap 'non-profiled nmethods' (Non-heap memory): committed=2.438MiB, used=1.321MiB, max=117.3MiB, threshold=0B
                                                                
                                                                --------------------------------------------------------------------------------
                                                                                        [ Operating system information ]                        
                                                                --------------------------------------------------------------------------------
                                                                Operating System: Windows 11; version: 10.0; arch: amd64; cpus: 8
                                                                Process id: 16020
                                                                Byte order: LITTLE_ENDIAN
                                                                Local timezone: Asia/Calcutta
                                                                Memory page size: 4096
                                                                Unaligned memory access allowed: true
                                                                
                                                                --------------------------------------------------------------------------------
                                                                                              [ JVM information ]                               
                                                                --------------------------------------------------------------------------------
                                                                VM Name: Java HotSpot(TM) 64-Bit Server VM
                                                                VM Vendor: Oracle Corporation
                                                                VM Version: 23.0.2+7-58
                                                                JIT compiler: HotSpot 64-Bit Tiered Compilers
                                                                VM Arguments: [-XX:+UseG1GC, -XX:-OmitStackTraceInFastThrow, -XX:+AlwaysPreTouch, -XX:+UnlockExperimentalVMOptions, -XX:+TrustFinalNonStaticFields, -XX:+DisableExplicitGC, -Djdk.nio.maxCachedBufferSize=1024, -Dio.netty.tryReflectionSetAccessible=true, -Djdk.tls.ephemeralDHKeySize=2048, -Djdk.tls.rejectClientInitiatedRenegotiation=true, -XX:FlightRecorderOptions=stackdepth=256, -XX:+UnlockDiagnosticVMOptions, -XX:+DebugNonSafepoints, --add-opens=java.base/java.nio=ALL-UNNAMED, --add-opens=java.base/java.io=ALL-UNNAMED, --add-opens=java.base/sun.nio.ch=ALL-UNNAMED, -Dlog4j2.disable.jmx=true, -Dfile.encoding=UTF-8]
                                                                
                                                                --------------------------------------------------------------------------------
                                                                                               [ Java classpath ]                               
                                                                --------------------------------------------------------------------------------
                                                                 [classpath] C:\Users\Jayprakash Damarla\Desktop\FlawFinder Latest\backend\neo4j-community-5.15.0\lib\neo4j-unsafe-5.15.0.jar
                                                                 [classpath] C:\Users\Jayprakash Damarla\Desktop\FlawFinder Latest\backend\neo4j-community-5.15.0\lib\neo4j-cypher-interpreted-runtime-5.15.0.jar
                                                                 [classpath] C:\Users\Jayprakash Damarla\Desktop\FlawFinder Latest\backend\neo4j-community-5.15.0\lib\neo4j-layout-5.15.0.jar
                                                                 [classpath] C:\Users\Jayprakash Damarla\Desktop\FlawFinder Latest\backend\neo4j-community-5.15.0\lib\neo4j-native-5.15.0.jar
                                                                 [classpath] C:\Users\Jayprakash Damarla\Desktop\FlawFinder Latest\backend\neo4j-community-5.15.0\lib\neo4j-logging-5.15.0.jar
                                                                 [classpath] C:\Users\Jayprakash Damarla\Desktop\FlawFinder Latest\backend\neo4j-community-5.15.0\lib\neo4j-import-util-5.15.0.jar
                                                                 [classpath] C:\Users\Jayprakash Damarla\Desktop\FlawFinder Latest\backend\neo4j-community-5.15.0\lib\neo4j-cypher-cache-5.15.0.jar
                                                                 [classpath] C:\Users\Jayprakash Damarla\Desktop\FlawFinder Latest\backend\neo4j-community-5.15.0\lib\jakarta.activation-api-1.2.2.jar
                                                                 [classpath] C:\Users\Jayprakash Damarla\Desktop\FlawFinder Latest\backend\neo4j-community-5.15.0\lib\picocli-4.7.5.jar
                                                                 [classpath] C:\Users\Jayprakash Damarla\Desktop\FlawFinder Latest\backend\neo4j-community-5.15.0\lib\reactor-core-3.5.11.jar
                                                                 [classpath] C:\Users\Jayprakash Damarla\Desktop\FlawFinder Latest\backend\neo4j-community-5.15.0\lib\neo4j-kernel-5.15.0.jar
                                                                 [classpath] C:\Users\Jayprakash Damarla\Desktop\FlawFinder Latest\backend\neo4j-community-5.15.0\lib\jakarta.validation-api-2.0.2.jar
                                                                 [classpath] C:\Users\Jayprakash Damarla\Desktop\FlawFinder Latest\backend\neo4j-community-5.15.0\lib\shiro-lang-1.13.0.jar
                                                                 [classpath] C:\Users\Jayprakash Damarla\Desktop\FlawFinder Latest\backend\neo4j-community-5.15.0\lib\neo4j-graph-algo-5.15.0.jar
                                                                 [classpath] C:\Users\Jayprakash Damarla\Desktop\FlawFinder Latest\backend\neo4j-community-5.15.0\lib\eclipse-collections-api-11.1.0.jar
                                                                 [classpath] C:\Users\Jayprakash Damarla\Desktop\FlawFinder Latest\backend\neo4j-community-5.15.0\lib\FastInfoset-1.2.16.jar
                                                                 [classpath] C:\Users\Jayprakash Damarla\Desktop\FlawFinder Latest\backend\neo4j-community-5.15.0\lib\jersey-client-2.34.jar
                                                                 [classpath] C:\Users\Jayprakash Damarla\Desktop\FlawFinder Latest\backend\neo4j-community-5.15.0\lib\neo4j-wal-5.15.0.jar
                                                                 [classpath] C:\Users\Jayprakash Damarla\Desktop\FlawFinder Latest\backend\neo4j-community-5.15.0\lib\log4j-core-2.20.0.jar
                                                                 [classpath] C:\Users\Jayprakash Damarla\Desktop\FlawFinder Latest\backend\neo4j-community-5.15.0\lib\jetty-servlet-api-4.0.6.jar
                                                                 [classpath] C:\Users\Jayprakash Damarla\Desktop\FlawFinder Latest\backend\neo4j-community-5.15.0\lib\netty-transport-native-kqueue-4.1.100.Final-osx-x86_64.jar
                                                                 [classpath] C:\Users\Jayprakash Damarla\Desktop\FlawFinder Latest\backend\neo4j-community-5.15.0\lib\neo4j-common-5.15.0.jar
                                                                 [classpath] C:\Users\Jayprakash Damarla\Desktop\FlawFinder Latest\backend\neo4j-community-5.15.0\lib\neo4j-token-api-5.15.0.jar
                                                                 [classpath] C:\Users\Jayprakash Damarla\Desktop\FlawFinder Latest\backend\neo4j-community-5.15.0\lib\jetty-util-10.0.17.jar
                                                                 [classpath] C:\Users\Jayprakash Damarla\Desktop\FlawFinder Latest\backend\neo4j-community-5.15.0\lib\argparse4j-0.9.0.jar
                                                                 [classpath] C:\Users\Jayprakash Damarla\Desktop\FlawFinder Latest\backend\neo4j-community-5.15.0\plugins\*
                                                                 [classpath] C:\Users\Jayprakash Damarla\Desktop\FlawFinder Latest\backend\neo4j-community-5.15.0\lib\jline-terminal-3.21.0.jar
                                                                 [classpath] C:\Users\Jayprakash Damarla\Desktop\FlawFinder Latest\backend\neo4j-community-5.15.0\lib\neo4j-schema-5.15.0.jar
                                                                 [classpath] C:\Users\Jayprakash Damarla\Desktop\FlawFinder Latest\backend\neo4j-community-5.15.0\lib\netty-transport-native-unix-common-4.1.100.Final.jar
                                                                 [classpath] C:\Users\Jayprakash Damarla\Desktop\FlawFinder Latest\backend\neo4j-community-5.15.0\lib\reactive-streams-1.0.4.jar
                                                                 [classpath] C:\Users\Jayprakash Damarla\Desktop\FlawFinder Latest\backend\neo4j-community-5.15.0\lib\neo4j-cypher-dsl-2023.8.0.jar
                                                                 [classpath] C:\Users\Jayprakash Damarla\Desktop\FlawFinder Latest\backend\neo4j-community-5.15.0\lib\jersey-hk2-2.34.jar
                                                                 [classpath] C:\Users\Jayprakash Damarla\Desktop\FlawFinder Latest\backend\neo4j-community-5.15.0\lib\jetty-server-10.0.17.jar
                                                                 [classpath] C:\Users\Jayprakash Damarla\Desktop\FlawFinder Latest\backend\neo4j-community-5.15.0\lib\neo4j-id-generator-5.15.0.jar
                                                                 [classpath] C:\Users\Jayprakash Damarla\Desktop\FlawFinder Latest\backend\neo4j-community-5.15.0\lib\neo4j-cypher-slotted-runtime-5.15.0.jar
                                                                 [classpath] C:\Users\Jayprakash Damarla\Desktop\FlawFinder Latest\backend\neo4j-community-5.15.0\lib\jackson-jaxrs-json-provider-2.15.2.jar
                                                                 [classpath] C:\Users\Jayprakash Damarla\Desktop\FlawFinder Latest\backend\neo4j-community-5.15.0\lib\neo4j-consistency-check-5.15.0.jar
                                                                 [classpath] C:\Users\Jayprakash Damarla\Desktop\FlawFinder Latest\backend\neo4j-community-5.15.0\lib\annotations-5.15.0.jar
                                                                 [classpath] C:\Users\Jayprakash Damarla\Desktop\FlawFinder Latest\backend\neo4j-community-5.15.0\lib\neo4j-5.15.0.jar
                                                                 [classpath] C:\Users\Jayprakash Damarla\Desktop\FlawFinder Latest\backend\neo4j-community-5.15.0\lib\neo4j-data-collector-5.15.0.jar
                                                                 [classpath] C:\Users\Jayprakash Damarla\Desktop\FlawFinder Latest\backend\neo4j-community-5.15.0\lib\neo4j-command-line-5.15.0.jar
                                                                 [classpath] C:\Users\Jayprakash Damarla\Desktop\FlawFinder Latest\backend\neo4j-community-5.15.0\lib\netty-tcnative-classes-2.0.61.Final.jar
                                                                 [classpath] C:\Users\Jayprakash Damarla\Desktop\FlawFinder Latest\backend\neo4j-community-5.15.0\lib\neo4j-ssl-5.15.0.jar
                                                                 [classpath] C:\Users\Jayprakash Damarla\Desktop\FlawFinder Latest\backend\neo4j-community-5.15.0\lib\neo4j-security-5.15.0.jar
                                                                 [classpath] C:\Users\Jayprakash Damarla\Desktop\FlawFinder Latest\backend\neo4j-community-5.15.0\lib\commons-lang3-3.13.0.jar
                                                                 [classpath] C:\Users\Jayprakash Damarla\Desktop\FlawFinder Latest\backend\neo4j-community-5.15.0\lib\netty-transport-native-epoll-4.1.100.Final-linux-aarch_64.jar
                                                                 [classpath] C:\Users\Jayprakash Damarla\Desktop\FlawFinder Latest\backend\neo4j-community-5.15.0\lib\neo4j-bolt-5.15.0.jar
                                                                 [classpath] C:\Users\Jayprakash Damarla\Desktop\FlawFinder Latest\backend\neo4j-community-5.15.0\lib\jPowerShell-3.0.jar
                                                                 [classpath] C:\Users\Jayprakash Damarla\Desktop\FlawFinder Latest\backend\neo4j-community-5.15.0\lib\hk2-api-2.6.1.jar
                                                                 [classpath] C:\Users\Jayprakash Damarla\Desktop\FlawFinder Latest\backend\neo4j-community-5.15.0\lib\neo4j-concurrent-5.15.0.jar
                                                                 [classpath] C:\Users\Jayprakash Damarla\Desktop\FlawFinder Latest\backend\neo4j-community-5.15.0\lib\neo4j-procedure-5.15.0.jar
                                                                 [classpath] C:\Users\Jayprakash Damarla\Desktop\FlawFinder Latest\backend\neo4j-community-5.15.0\lib\neo4j-util-5.15.0.jar
                                                                 [classpath] C:\Users\Jayprakash Damarla\Desktop\FlawFinder Latest\backend\neo4j-community-5.15.0\lib\netty-transport-classes-kqueue-4.1.100.Final.jar
                                                                 [classpath] C:\Users\Jayprakash Damarla\Desktop\FlawFinder Latest\backend\neo4j-community-5.15.0\lib\neo4j-configuration-5.15.0.jar
                                                                 [classpath] C:\Users\Jayprakash Damarla\Desktop\FlawFinder Latest\backend\neo4j-community-5.15.0\lib\netty-transport-4.1.100.Final.jar
                                                                 [classpath] C:\Users\Jayprakash Damarla\Desktop\FlawFinder Latest\backend\neo4j-community-5.15.0\lib\neo4j-query-router-5.15.0.jar
                                                                 [classpath] C:\Users\Jayprakash Damarla\Desktop\FlawFinder Latest\backend\neo4j-community-5.15.0\lib\neo4j-cypher-ast-factory-5.15.0.jar
                                                                 [classpath] C:\Users\Jayprakash Damarla\Desktop\FlawFinder Latest\backend\neo4j-community-5.15.0\lib\shiro-cache-1.13.0.jar
                                                                 [classpath] C:\Users\Jayprakash Damarla\Desktop\FlawFinder Latest\backend\neo4j-community-5.15.0\lib\neo4j-cypher-logical-plans-5.15.0.jar
                                                                 [classpath] C:\Users\Jayprakash Damarla\Desktop\FlawFinder Latest\backend\neo4j-community-5.15.0\lib\commons-compress-1.24.0.jar
                                                                 [classpath] C:\Users\Jayprakash Damarla\Desktop\FlawFinder Latest\backend\neo4j-community-5.15.0\lib\kiama_2.13-2.5.1.jar
                                                                 [classpath] C:\Users\Jayprakash Damarla\Desktop\FlawFinder Latest\backend\neo4j-community-5.15.0\lib\netty-codec-http-4.1.100.Final.jar
                                                                 [classpath] C:\Users\Jayprakash Damarla\Desktop\FlawFinder Latest\backend\neo4j-community-5.15.0\lib\zstd-jni-1.5.5-10.jar
                                                                 [classpath] C:\Users\Jayprakash Damarla\Desktop\FlawFinder Latest\backend\neo4j-community-5.15.0\lib\slf4j-api-2.0.9.jar
                                                                 [classpath] C:\Users\Jayprakash Damarla\Desktop\FlawFinder Latest\backend\neo4j-community-5.15.0\lib\neo4j-codegen-5.15.0.jar
                                                                 [classpath] C:\Users\Jayprakash Damarla\Desktop\FlawFinder Latest\backend\neo4j-community-5.15.0\lib\neo4j-graphdb-api-5.15.0.jar
                                                                 [classpath] C:\Users\Jayprakash Damarla\Desktop\FlawFinder Latest\backend\neo4j-community-5.15.0\lib\shiro-crypto-core-1.13.0.jar
                                                                 [classpath] C:\Users\Jayprakash Damarla\Desktop\FlawFinder Latest\backend\neo4j-community-5.15.0\lib\neo4j-java-driver-5.15.0.jar
                                                                 [classpath] C:\Users\Jayprakash Damarla\Desktop\FlawFinder Latest\backend\neo4j-community-5.15.0\lib\txw2-2.3.2.jar
                                                                 [classpath] C:\Users\Jayprakash Damarla\Desktop\FlawFinder Latest\backend\neo4j-community-5.15.0\lib\neo4j-diagnostics-5.15.0.jar
                                                                 [classpath] C:\Users\Jayprakash Damarla\Desktop\FlawFinder Latest\backend\neo4j-community-5.15.0\lib\neo4j-record-storage-engine-5.15.0.jar
                                                                 [classpath] C:\Users\Jayprakash Damarla\Desktop\FlawFinder Latest\backend\neo4j-community-5.15.0\lib\commons-configuration2-2.9.0.jar
                                                                 [classpath] C:\Users\Jayprakash Damarla\Desktop\FlawFinder Latest\backend\neo4j-community-5.15.0\lib\neo4j-rewriting-5.15.0.jar
                                                                 [classpath] C:\Users\Jayprakash Damarla\Desktop\FlawFinder Latest\backend\neo4j-community-5.15.0\lib\javassist-3.25.0-GA.jar
                                                                 [classpath] C:\Users\Jayprakash Damarla\Desktop\FlawFinder Latest\backend\neo4j-community-5.15.0\lib\cypher-shell-5.15.0.jar
                                                                 [classpath] C:\Users\Jayprakash Damarla\Desktop\FlawFinder Latest\backend\neo4j-community-5.15.0\lib\jetty-http-10.0.17.jar
                                                                 [classpath] C:\Users\Jayprakash Damarla\Desktop\FlawFinder Latest\backend\neo4j-community-5.15.0\lib\neo4j-cypher-planner-5.15.0.jar
                                                                 [classpath] C:\Users\Jayprakash Damarla\Desktop\FlawFinder Latest\backend\neo4j-community-5.15.0\lib\server-api-5.15.0.jar
                                                                 [classpath] C:\Users\Jayprakash Damarla\Desktop\FlawFinder Latest\backend\neo4j-community-5.15.0\lib\jakarta.ws.rs-api-2.1.6.jar
                                                                 [classpath] C:\Users\Jayprakash Damarla\Desktop\FlawFinder Latest\backend\neo4j-community-5.15.0\lib\shiro-crypto-hash-1.13.0.jar
                                                                 [classpath] C:\Users\Jayprakash Damarla\Desktop\FlawFinder Latest\backend\neo4j-community-5.15.0\lib\scala-collection-contrib_2.13-0.3.0.jar
                                                                 [classpath] C:\Users\Jayprakash Damarla\Desktop\FlawFinder Latest\backend\neo4j-community-5.15.0\lib\netty-transport-classes-epoll-4.1.100.Final.jar
                                                                 [classpath] C:\Users\Jayprakash Damarla\Desktop\FlawFinder Latest\backend\neo4j-community-5.15.0\lib\netty-transport-native-epoll-4.1.100.Final-linux-x86_64.jar
                                                                 [classpath] C:\Users\Jayprakash Damarla\Desktop\FlawFinder Latest\backend\neo4j-community-5.15.0\lib\neo4j-front-end-5.15.0.jar
                                                                 [classpath] C:\Users\Jayprakash Damarla\Desktop\FlawFinder Latest\backend\neo4j-community-5.15.0\lib\zstd-proxy-5.15.0.jar
                                                                 [classpath] C:\Users\Jayprakash Damarla\Desktop\FlawFinder Latest\backend\neo4j-community-5.15.0\lib\jetty-webapp-10.0.17.jar
                                                                 [classpath] C:\Users\Jayprakash Damarla\Desktop\FlawFinder Latest\backend\neo4j-community-5.15.0\lib\jna-5.13.0.jar
                                                                 [classpath] C:\Users\Jayprakash Damarla\Desktop\FlawFinder Latest\backend\neo4j-community-5.15.0\lib\commons-logging-1.2.jar
                                                                 [classpath] C:\Users\Jayprakash Damarla\Desktop\FlawFinder Latest\backend\neo4j-community-5.15.0\lib\jProcesses-1.6.5.jar
                                                                 [classpath] C:\Users\Jayprakash Damarla\Desktop\FlawFinder Latest\backend\neo4j-community-5.15.0\lib\WMI4Java-1.6.3.jar
                                                                 [classpath] C:\Users\Jayprakash Damarla\Desktop\FlawFinder Latest\backend\neo4j-community-5.15.0\lib\netty-handler-4.1.100.Final.jar
                                                                 [classpath] C:\Users\Jayprakash Damarla\Desktop\FlawFinder Latest\backend\neo4j-community-5.15.0\lib\lucene-queryparser-9.8.0.jar
                                                                 [classpath] C:\Users\Jayprakash Damarla\Desktop\FlawFinder Latest\backend\neo4j-community-5.15.0\lib\neo4j-cypher-javacc-parser-5.15.0.jar
                                                                 [classpath] C:\Users\Jayprakash Damarla\Desktop\FlawFinder Latest\backend\neo4j-community-5.15.0\lib\ipaddress-5.4.0.jar
                                                                 [classpath] C:\Users\Jayprakash Damarla\Desktop\FlawFinder Latest\backend\neo4j-community-5.15.0\lib\neo4j-kernel-api-5.15.0.jar
                                                                 [classpath] C:\Users\Jayprakash Damarla\Desktop\FlawFinder Latest\backend\neo4j-community-5.15.0\lib\neo4j-bootcheck-5.15.0.jar
                                                                 [classpath] C:\Users\Jayprakash Damarla\Desktop\FlawFinder Latest\backend\neo4j-community-5.15.0\lib\jline-reader-3.21.0.jar
                                                                 [classpath] C:\Users\Jayprakash Damarla\Desktop\FlawFinder Latest\backend\neo4j-community-5.15.0\lib\scala-reflect-2.13.11.jar
                                                                 [classpath] C:\Users\Jayprakash Damarla\Desktop\FlawFinder Latest\backend\neo4j-community-5.15.0\lib\shiro-core-1.13.0.jar
                                                                 [classpath] C:\Users\Jayprakash Damarla\Desktop\FlawFinder Latest\backend\neo4j-community-5.15.0\lib\neo4j-lucene-index-5.15.0.jar
                                                                 [classpath] C:\Users\Jayprakash Damarla\Desktop\FlawFinder Latest\backend\neo4j-community-5.15.0\lib\neo4j-io-5.15.0.jar
                                                                 [classpath] C:\Users\Jayprakash Damarla\Desktop\FlawFinder Latest\backend\neo4j-community-5.15.0\lib\hk2-locator-2.6.1.jar
                                                                 [classpath] C:\Users\Jayprakash Damarla\Desktop\FlawFinder Latest\backend\neo4j-community-5.15.0\lib\lucene-backward-codecs-9.8.0.jar
                                                                 [classpath] C:\Users\Jayprakash Damarla\Desktop\FlawFinder Latest\backend\neo4j-community-5.15.0\lib\neo4j-procedure-api-5.15.0.jar
                                                                 [classpath] C:\Users\Jayprakash Damarla\Desktop\FlawFinder Latest\backend\neo4j-community-5.15.0\lib\neo4j-expressions-5.15.0.jar
                                                                 [classpath] C:\Users\Jayprakash Damarla\Desktop\FlawFinder Latest\backend\neo4j-community-5.15.0\lib\jersey-common-2.34.jar
                                                                 [classpath] C:\Users\Jayprakash Damarla\Desktop\FlawFinder Latest\backend\neo4j-community-5.15.0\lib\cypher-ast-factory-5.15.0.jar
                                                                 [classpath] C:\Users\Jayprakash Damarla\Desktop\FlawFinder Latest\backend\neo4j-community-5.15.0\lib\neo4j-spatial-index-5.15.0.jar
                                                                 [classpath] C:\Users\Jayprakash Damarla\Desktop\FlawFinder Latest\backend\neo4j-community-5.15.0\lib\jakarta.inject-2.6.1.jar
                                                                 [classpath] C:\Users\Jayprakash Damarla\Desktop\FlawFinder Latest\backend\neo4j-community-5.15.0\lib\jetty-io-10.0.17.jar
                                                                 [classpath] C:\Users\Jayprakash Damarla\Desktop\FlawFinder Latest\backend\neo4j-community-5.15.0\lib\jakarta.xml.bind-api-2.3.2.jar
                                                                 [classpath] C:\Users\Jayprakash Damarla\Desktop\FlawFinder Latest\backend\neo4j-community-5.15.0\lib\neo4j-cypher-physical-planning-5.15.0.jar
                                                                 [classpath] C:\Users\Jayprakash Damarla\Desktop\FlawFinder Latest\backend\neo4j-community-5.15.0\lib\neo4j-csv-5.15.0.jar
                                                                 [classpath] C:\Users\Jayprakash Damarla\Desktop\FlawFinder Latest\backend\neo4j-community-5.15.0\lib\magnolia_2.13-0.17.0.jar
                                                                 [classpath] C:\Users\Jayprakash Damarla\Desktop\FlawFinder Latest\backend\neo4j-community-5.15.0\lib\netty-resolver-4.1.100.Final.jar
                                                                 [classpath] C:\Users\Jayprakash Damarla\Desktop\FlawFinder Latest\backend\neo4j-community-5.15.0\lib\neo4j-ast-5.15.0.jar
                                                                 [classpath] C:\Users\Jayprakash Damarla\Desktop\FlawFinder Latest\backend\neo4j-community-5.15.0\lib\neo4j-cypher-ir-5.15.0.jar
                                                                 [classpath] C:\Users\Jayprakash Damarla\Desktop\FlawFinder Latest\backend\neo4j-community-5.15.0\lib\jline-terminal-jansi-3.21.0.jar
                                                                 [classpath] C:\Users\Jayprakash Damarla\Desktop\FlawFinder Latest\backend\neo4j-community-5.15.0\lib\netty-buffer-4.1.100.Final.jar
                                                                 [classpath] C:\Users\Jayprakash Damarla\Desktop\FlawFinder Latest\backend\neo4j-community-5.15.0\lib\jansi-2.4.0.jar
                                                                 [classpath] C:\Users\Jayprakash Damarla\Desktop\FlawFinder Latest\backend\neo4j-community-5.15.0\lib\neo4j-dbms-5.15.0.jar
                                                                 [classpath] C:\Users\Jayprakash Damarla\Desktop\FlawFinder Latest\backend\neo4j-community-5.15.0\lib\neo4j-collections-5.15.0.jar
                                                                 [classpath] C:\Users\Jayprakash Damarla\Desktop\FlawFinder Latest\backend\neo4j-community-5.15.0\lib\netty-transport-native-kqueue-4.1.100.Final-osx-aarch_64.jar
                                                                 [classpath] C:\Users\Jayprakash Damarla\Desktop\FlawFinder Latest\backend\neo4j-community-5.15.0\lib\jackson-databind-2.15.2.jar
                                                                 [classpath] C:\Users\Jayprakash Damarla\Desktop\FlawFinder Latest\backend\neo4j-community-5.15.0\lib\neo4j-push-to-cloud-5.15.0.jar
                                                                 [classpath] C:\Users\Jayprakash Damarla\Desktop\FlawFinder Latest\backend\neo4j-community-5.15.0\lib\neo4j-browser-5.12.0.jar
                                                                 [classpath] C:\Users\Jayprakash Damarla\Desktop\FlawFinder Latest\backend\neo4j-community-5.15.0\lib\netty-codec-4.1.100.Final.jar
                                                                 [classpath] C:\Users\Jayprakash Damarla\Desktop\FlawFinder Latest\backend\neo4j-community-5.15.0\lib\neo4j-cypher-runtime-util-5.15.0.jar
                                                                 [classpath] C:\Users\Jayprakash Damarla\Desktop\FlawFinder Latest\backend\neo4j-community-5.15.0\lib\neo4j-lock-5.15.0.jar
                                                                 [classpath] C:\Users\Jayprakash Damarla\Desktop\FlawFinder Latest\backend\neo4j-community-5.15.0\lib\jetty-xml-10.0.17.jar
                                                                 [classpath] C:\Users\Jayprakash Damarla\Desktop\FlawFinder Latest\backend\neo4j-community-5.15.0\lib\neo4j-fulltext-index-5.15.0.jar
                                                                 [classpath] C:\Users\Jayprakash Damarla\Desktop\FlawFinder Latest\backend\neo4j-community-5.15.0\lib\jakarta.annotation-api-1.3.5.jar
                                                                 [classpath] C:\Users\Jayprakash Damarla\Desktop\FlawFinder Latest\backend\neo4j-community-5.15.0\lib\lucene-core-9.8.0.jar
                                                                 [classpath] C:\Users\Jayprakash Damarla\Desktop\FlawFinder Latest\backend\neo4j-community-5.15.0\lib\jersey-container-servlet-core-2.34.jar
                                                                 [classpath] C:\Users\Jayprakash Damarla\Desktop\FlawFinder Latest\backend\neo4j-community-5.15.0\lib\jaxb-runtime-2.3.2.jar
                                                                 [classpath] C:\Users\Jayprakash Damarla\Desktop\FlawFinder Latest\backend\neo4j-community-5.15.0\lib\istack-commons-runtime-3.0.8.jar
                                                                 [classpath] C:\Users\Jayprakash Damarla\Desktop\FlawFinder Latest\backend\neo4j-community-5.15.0\lib\caffeine-3.1.8.jar
                                                                 [classpath] C:\Users\Jayprakash Damarla\Desktop\FlawFinder Latest\backend\neo4j-community-5.15.0\lib\neo4j-fabric-5.15.0.jar
                                                                 [classpath] C:\Users\Jayprakash Damarla\Desktop\FlawFinder Latest\backend\neo4j-community-5.15.0\lib\shiro-event-1.13.0.jar
                                                                 [classpath] C:\Users\Jayprakash Damarla\Desktop\FlawFinder Latest\backend\neo4j-community-5.15.0\lib\commons-text-1.11.0.jar
                                                                 [classpath] C:\Users\Jayprakash Damarla\Desktop\FlawFinder Latest\backend\neo4j-community-5.15.0\lib\neo4j-slf4j-provider-5.15.0.jar
                                                                 [classpath] C:\Users\Jayprakash Damarla\Desktop\FlawFinder Latest\backend\neo4j-community-5.15.0\lib\lucene-analysis-common-9.8.0.jar
                                                                 [classpath] C:\Users\Jayprakash Damarla\Desktop\FlawFinder Latest\backend\neo4j-community-5.15.0\lib\jersey-server-2.34.jar
                                                                 [classpath] C:\Users\Jayprakash Damarla\Desktop\FlawFinder Latest\backend\neo4j-community-5.15.0\lib\eclipse-collections-11.1.0.jar
                                                                 [classpath] C:\Users\Jayprakash Damarla\Desktop\FlawFinder Latest\backend\neo4j-community-5.15.0\lib\jetty-security-10.0.17.jar
                                                                 [classpath] C:\Users\Jayprakash Damarla\Desktop\FlawFinder Latest\backend\neo4j-community-5.15.0\lib\cypher-literal-interpreter-5.15.0.jar
                                                                 [classpath] C:\Users\Jayprakash Damarla\Desktop\FlawFinder Latest\backend\neo4j-community-5.15.0\lib\stax-ex-1.8.1.jar
                                                                 [classpath] C:\Users\Jayprakash Damarla\Desktop\FlawFinder Latest\backend\neo4j-community-5.15.0\lib\neo4j-values-5.15.0.jar
                                                                 [classpath] C:\Users\Jayprakash Damarla\Desktop\FlawFinder Latest\backend\neo4j-community-5.15.0\lib\log4j-api-2.20.0.jar
                                                                 [classpath] C:\Users\Jayprakash Damarla\Desktop\FlawFinder Latest\backend\neo4j-community-5.15.0\lib\jettison-1.5.4.jar
                                                                 [classpath] C:\Users\Jayprakash Damarla\Desktop\FlawFinder Latest\backend\neo4j-community-5.15.0\lib\neo4j-index-5.15.0.jar
                                                                 [classpath] C:\Users\Jayprakash Damarla\Desktop\FlawFinder Latest\backend\neo4j-community-5.15.0\lib\neo4j-server-5.15.0.jar
                                                                 [classpath] C:\Users\Jayprakash Damarla\Desktop\FlawFinder Latest\backend\neo4j-community-5.15.0\lib\neo4j-storage-engine-util-5.15.0.jar
                                                                 [classpath] C:\Users\Jayprakash Damarla\Desktop\FlawFinder Latest\backend\neo4j-community-5.15.0\lib\neo4j-cypher-macros-5.15.0.jar
                                                                 [classpath] C:\Users\Jayprakash Damarla\Desktop\FlawFinder Latest\backend\neo4j-community-5.15.0\lib\jackson-core-2.15.2.jar
                                                                 [classpath] C:\Users\Jayprakash Damarla\Desktop\FlawFinder Latest\backend\neo4j-community-5.15.0\lib\neo4j-resource-5.15.0.jar
                                                                 [classpath] C:\Users\Jayprakash Damarla\Desktop\FlawFinder Latest\backend\neo4j-community-5.15.0\lib\neo4j-cypher-5.15.0.jar
                                                                 [classpath] C:\Users\Jayprakash Damarla\Desktop\FlawFinder Latest\backend\neo4j-community-5.15.0\lib\hk2-utils-2.6.1.jar
                                                                 [classpath] C:\Users\Jayprakash Damarla\Desktop\FlawFinder Latest\backend\neo4j-community-5.15.0\lib\neo4j-capabilities-5.15.0.jar
                                                                 [classpath] C:\Users\Jayprakash Damarla\Desktop\FlawFinder Latest\backend\neo4j-community-5.15.0\lib\neo4j-monitoring-5.15.0.jar
                                                                 [classpath] C:\Users\Jayprakash Damarla\Desktop\FlawFinder Latest\backend\neo4j-community-5.15.0\lib\jackson-module-jaxb-annotations-2.15.2.jar
                                                                 [classpath] C:\Users\Jayprakash Damarla\Desktop\FlawFinder Latest\backend\neo4j-community-5.15.0\lib\shiro-config-core-1.13.0.jar
                                                                 [classpath] C:\Users\Jayprakash Damarla\Desktop\FlawFinder Latest\backend\neo4j-community-5.15.0\lib\neo4j-import-tool-5.15.0.jar
                                                                 [classpath] C:\Users\Jayprakash Damarla\Desktop\FlawFinder Latest\backend\neo4j-community-5.15.0\lib\log4j-layout-template-json-2.20.0.jar
                                                                 [classpath] C:\Users\Jayprakash Damarla\Desktop\FlawFinder Latest\backend\neo4j-community-5.15.0\lib\neo4j-cypher-planner-spi-5.15.0.jar
                                                                 [classpath] C:\Users\Jayprakash Damarla\Desktop\FlawFinder Latest\backend\neo4j-community-5.15.0\lib\neo4j-exceptions-5.15.0.jar
                                                                 [classpath] C:\Users\Jayprakash Damarla\Desktop\FlawFinder Latest\backend\neo4j-community-5.15.0\lib\shiro-crypto-cipher-1.13.0.jar
                                                                 [classpath] C:\Users\Jayprakash Damarla\Desktop\FlawFinder Latest\backend\neo4j-community-5.15.0\lib\jackson-jaxrs-base-2.15.2.jar
                                                                 [classpath] C:\Users\Jayprakash Damarla\Desktop\FlawFinder Latest\backend\neo4j-community-5.15.0\lib\jackson-annotations-2.15.2.jar
                                                                 [classpath] C:\Users\Jayprakash Damarla\Desktop\FlawFinder Latest\backend\neo4j-community-5.15.0\lib\scala-library-2.13.11.jar
                                                                 [classpath] C:\Users\Jayprakash Damarla\Desktop\FlawFinder Latest\backend\neo4j-community-5.15.0\lib\neo4j-cypher-config-5.15.0.jar
                                                                 [classpath] C:\Users\Jayprakash Damarla\Desktop\FlawFinder Latest\backend\neo4j-community-5.15.0\lib\mercator_2.13-0.2.1.jar
                                                                 [classpath] C:\Users\Jayprakash Damarla\Desktop\FlawFinder Latest\backend\neo4j-community-5.15.0\lib\jetty-servlet-10.0.17.jar
                                                                 [classpath] C:\Users\Jayprakash Damarla\Desktop\FlawFinder Latest\backend\neo4j-community-5.15.0\conf\*
                                                                 [classpath] C:\Users\Jayprakash Damarla\Desktop\FlawFinder Latest\backend\neo4j-community-5.15.0\lib\netty-common-4.1.100.Final.jar
                                                                 [classpath] C:\Users\Jayprakash Damarla\Desktop\FlawFinder Latest\backend\neo4j-community-5.15.0\lib\jctools-core-4.0.1.jar
                                                                 [classpath] C:\Users\Jayprakash Damarla\Desktop\FlawFinder Latest\backend\neo4j-community-5.15.0\lib\neo4j-cypher-expression-evaluator-5.15.0.jar
                                                                 [classpath] C:\Users\Jayprakash Damarla\Desktop\FlawFinder Latest\backend\neo4j-community-5.15.0\lib\commons-io-2.15.0.jar
                                                                 [classpath] C:\Users\Jayprakash Damarla\Desktop\FlawFinder Latest\backend\neo4j-community-5.15.0\lib\jersey-container-servlet-2.34.jar
                                                                
                                                                --------------------------------------------------------------------------------
                                                                                                [ Library path ]                                
                                                                --------------------------------------------------------------------------------
                                                                C:\Program Files\Java\jdk-23\bin
                                                                C:\WINDOWS\Sun\Java\bin
                                                                C:\Windows\System32
                                                                C:\Windows
                                                                C:\Program Files\Common Files\Oracle\Java\javapath_target_343154843
                                                                C:\Windows\System32
                                                                C:\Windows
                                                                C:\Windows\System32\wbem
                                                                C:\Windows\System32\WindowsPowerShell\v1.0
                                                                C:\Windows\System32\OpenSSH
                                                                C:\Program Files (x86)\NVIDIA Corporation\PhysX\Common
                                                                C:\Windows\System32
                                                                C:\Windows
                                                                C:\Windows\System32\wbem
                                                                C:\Windows\System32\WindowsPowerShell\v1.0
                                                                C:\Windows\System32\OpenSSH
                                                                C:\Program Files\NVIDIA Corporation\NVIDIA app\NvDLISR
                                                                C:\Program Files\dotnet
                                                                C:\Program Files\nodejs
                                                                C:\GnuWin32\bin
                                                                C:\Program Files\CodeBlocks\MinGW\bin
                                                                C:\Users\Jayprakash Damarla\AppData\Local\Programs\Python\Python311
                                                                C:\Users\Jayprakash Damarla\AppData\Local\Programs\Python\Python311\Scripts
                                                                C:\Users\Jayprakash Damarla\AppData\Local\Programs\Python\Python311
                                                                C:\Program Files\Git\cmd
                                                                C:\Program Files\Git\bin
                                                                C:\Program Files\MongoDB\Server\8.0\bin
                                                                C:\Users\Jayprakash Damarla\AppData\Local\Programs\Python\Python38
                                                                C:\Users\Jayprakash Damarla\AppData\Local\Programs\Python\Python38\Scripts
                                                                C:\Users\Jayprakash Damarla\Desktop\FlawFinder Latest\backend\neo4j-community-5.15.0
                                                                C:\ProgramData\chocolatey\bin
                                                                C:\Program Files\Cloudflare\Cloudflare WARP
                                                                C:\Users\Jayprakash Damarla\AppData\Local\Programs\Python\Python38\Scripts
                                                                C:\Users\Jayprakash Damarla\AppData\Local\Programs\Python\Python38
                                                                C:\Users\Jayprakash Damarla\AppData\Local\Programs\Python\Python313\Scripts
                                                                C:\Users\Jayprakash Damarla\AppData\Local\Programs\Python\Python313
                                                                C:\Program Files\MySQL\MySQL Shell 8.0\bin
                                                                C:\Users\Jayprakash Damarla\AppData\Local\Microsoft\WindowsApps
                                                                C:\Users\Jayprakash Damarla\AppData\Local\Programs\Microsoft VS Code\bin
                                                                C:\Users\Jayprakash Damarla\AppData\Roaming\npm
                                                                C:\Program Files\Java\jdk-23\bin
                                                                C:\Users\Jayprakash Damarla\Desktop\FlawFinder Latest\backend\neo4j-community-5.15.0
                                                                C:\Users\Jayprakash Damarla\AppData\Local\Programs\Ollama
                                                                C:\Program Files (x86)\Nmap
                                                                C:\Users\Jayprakash Damarla\AppData\Local\Programs\cursor\resources\app\bin
                                                                C:\Users\Jayprakash Damarla\AppData\Roaming\Code\User\globalStorage\github.copilot-chat\debugCommand
                                                                C:\Users\Jayprakash Damarla\.vscode\extensions\ms-python.debugpy-2025.10.0-win32-x64\bundled\scripts\noConfigScripts
                                                                C:\Users\Jayprakash Damarla\Desktop\FlawFinder Latest\backend\neo4j-community-5.15.0
                                                                
                                                                --------------------------------------------------------------------------------
                                                                                             [ System properties ]                              
                                                                --------------------------------------------------------------------------------
                                                                jdk.tls.rejectClientInitiatedRenegotiation = true
                                                                sun.cpu.isalist = amd64
                                                                sun.jnu.encoding = Cp1252
                                                                sun.arch.data.model = 64
                                                                user.variant = 
                                                                user.timezone = Asia/Calcutta
                                                                sun.java.launcher = SUN_STANDARD
                                                                user.country = IN
                                                                sun.boot.library.path = C:\Program Files\Java\jdk-23\bin
                                                                sun.java.command = org.neo4j.server.CommunityEntryPoint --home-dir=C:\Users\Jayprakash Damarla\Desktop\FlawFinder Latest\backend\neo4j-community-5.15.0 --config-dir=C:\Users\Jayprakash Damarla\Desktop\FlawFinder Latest\backend\neo4j-community-5.15.0\conf --console-mode
                                                                jdk.debug = release
                                                                io.netty.tryReflectionSetAccessible = true
                                                                sun.cpu.endian = little
                                                                user.home = C:\Users\Jayprakash Damarla
                                                                user.language = en
                                                                file.separator = \
                                                                jdk.tls.ephemeralDHKeySize = 2048
                                                                user.script = 
                                                                sun.management.compiler = HotSpot 64-Bit Tiered Compilers
                                                                user.name = Jayprakash Damarla
                                                                stdout.encoding = cp437
                                                                jdk.nio.maxCachedBufferSize = 1024
                                                                path.separator = ;
                                                                file.encoding = UTF-8
                                                                jnidispatch.path = C:\Users\JAYPRA~1\AppData\Local\Temp\jna--1802102338\jna13278658064504309761.dll
                                                                jna.loaded = true
                                                                user.dir = C:\Users\Jayprakash Damarla\Desktop\FlawFinder Latest\backend\neo4j-community-5.15.0
                                                                sun.os.patch.level = 
                                                                native.encoding = Cp1252
                                                                stderr.encoding = cp437
                                                                sun.io.unicode.encoding = UnicodeLittle
                                                                log4j2.disable.jmx = true
                                                                
                                                                --------------------------------------------------------------------------------
                                                                                      [ (IANA) TimeZone database version ]                      
                                                                --------------------------------------------------------------------------------
                                                                  TimeZone version: 2024b (available for 603 zone identifiers)
                                                                
                                                                --------------------------------------------------------------------------------
                                                                                            [ Network information ]                             
                                                                --------------------------------------------------------------------------------
                                                                Interface VirtualBox Host-Only Ethernet Adapter-WFP Native MAC Layer LightWeight Filter-0000:
                                                                Interface VirtualBox Host-Only Ethernet Adapter-Npcap Packet Driver (NPCAP)-0000:
                                                                Interface VirtualBox Host-Only Ethernet Adapter-QoS Packet Scheduler-0000:
                                                                Interface VirtualBox Host-Only Ethernet Adapter-WFP 802.3 MAC Layer LightWeight Filter-0000:
                                                                Interface Killer E2500 Gigabit Ethernet Controller-WFP Native MAC Layer LightWeight Filter-0000:
                                                                Interface Killer E2500 Gigabit Ethernet Controller-Npcap Packet Driver (NPCAP)-0000:
                                                                Interface Killer E2500 Gigabit Ethernet Controller-VirtualBox NDIS Light-Weight Filter-0000:
                                                                Interface Killer E2500 Gigabit Ethernet Controller-QoS Packet Scheduler-0000:
                                                                Interface Killer E2500 Gigabit Ethernet Controller-WFP 802.3 MAC Layer LightWeight Filter-0000:
                                                                Interface WAN Miniport (IP)-WFP Native MAC Layer LightWeight Filter-0000:
                                                                Interface WAN Miniport (IP)-Npcap Packet Driver (NPCAP)-0000:
                                                                Interface WAN Miniport (IP)-QoS Packet Scheduler-0000:
                                                                Interface WAN Miniport (IPv6)-WFP Native MAC Layer LightWeight Filter-0000:
                                                                Interface WAN Miniport (IPv6)-Npcap Packet Driver (NPCAP)-0000:
                                                                Interface WAN Miniport (IPv6)-QoS Packet Scheduler-0000:
                                                                Interface WAN Miniport (Network Monitor)-WFP Native MAC Layer LightWeight Filter-0000:
                                                                Interface WAN Miniport (Network Monitor)-Npcap Packet Driver (NPCAP)-0000:
                                                                Interface WAN Miniport (Network Monitor)-QoS Packet Scheduler-0000:
                                                                Interface Bluetooth Device (Personal Area Network)-Npcap Packet Driver (NPCAP)-0000:
                                                                Interface Killer E2500 Gigabit Ethernet Controller:
                                                                    address: fe80:0:0:0:7b87:7a78:8272:7f61%ethernet_32768
                                                                Interface Microsoft Kernel Debug Network Adapter:
                                                                Interface WAN Miniport (IP):
                                                                Interface WAN Miniport (IPv6):
                                                                Interface WAN Miniport (Network Monitor):
                                                                Interface Bluetooth Device (Personal Area Network):
                                                                    address: fe80:0:0:0:bebc:b6c5:21dd:df83%ethernet_32773
                                                                Interface VirtualBox Host-Only Ethernet Adapter:
                                                                    address: fe80:0:0:0:a316:cb35:9f97:6787%ethernet_32774
                                                                    address: 192.168.56.1
                                                                Interface WAN Miniport (PPPOE):
                                                                Interface Software Loopback Interface 1:
                                                                    address: 0:0:0:0:0:0:0:1
                                                                    address: 127.0.0.1
                                                                Interface Killer(R) Wi-Fi 6 AX1650x 160MHz Wireless Network Adapter (200NGW)-WFP Native MAC Layer LightWeight Filter-0000:
                                                                Interface Killer(R) Wi-Fi 6 AX1650x 160MHz Wireless Network Adapter (200NGW)-Virtual WiFi Filter Driver-0000:
                                                                Interface Killer(R) Wi-Fi 6 AX1650x 160MHz Wireless Network Adapter (200NGW)-Native WiFi Filter Driver-0000:
                                                                Interface Killer(R) Wi-Fi 6 AX1650x 160MHz Wireless Network Adapter (200NGW)-Npcap Packet Driver (NPCAP)-0000:
                                                                Interface Killer(R) Wi-Fi 6 AX1650x 160MHz Wireless Network Adapter (200NGW)-VirtualBox NDIS Light-Weight Filter-0000:
                                                                Interface Killer(R) Wi-Fi 6 AX1650x 160MHz Wireless Network Adapter (200NGW)-QoS Packet Scheduler-0000:
                                                                Interface Killer(R) Wi-Fi 6 AX1650x 160MHz Wireless Network Adapter (200NGW)-WFP 802.3 MAC Layer LightWeight Filter-0000:
                                                                Interface Microsoft Wi-Fi Direct Virtual Adapter-WFP Native MAC Layer LightWeight Filter-0000:
                                                                Interface Microsoft Wi-Fi Direct Virtual Adapter-Native WiFi Filter Driver-0000:
                                                                Interface Microsoft Wi-Fi Direct Virtual Adapter-Npcap Packet Driver (NPCAP)-0000:
                                                                Interface Microsoft Wi-Fi Direct Virtual Adapter-VirtualBox NDIS Light-Weight Filter-0000:
                                                                Interface Microsoft Wi-Fi Direct Virtual Adapter-QoS Packet Scheduler-0000:
                                                                Interface Microsoft Wi-Fi Direct Virtual Adapter-WFP 802.3 MAC Layer LightWeight Filter-0000:
                                                                Interface Microsoft Wi-Fi Direct Virtual Adapter #2-WFP Native MAC Layer LightWeight Filter-0000:
                                                                Interface Microsoft Wi-Fi Direct Virtual Adapter #2-Native WiFi Filter Driver-0000:
                                                                Interface Microsoft Wi-Fi Direct Virtual Adapter #2-Npcap Packet Driver (NPCAP)-0000:
                                                                Interface Microsoft Wi-Fi Direct Virtual Adapter #2-VirtualBox NDIS Light-Weight Filter-0000:
                                                                Interface Microsoft Wi-Fi Direct Virtual Adapter #2-QoS Packet Scheduler-0000:
                                                                Interface Microsoft Wi-Fi Direct Virtual Adapter #2-WFP 802.3 MAC Layer LightWeight Filter-0000:
                                                                Interface Killer(R) Wi-Fi 6 AX1650x 160MHz Wireless Network Adapter (200NGW):
                                                                    address: fe80:0:0:0:2b3c:ac1f:7d59:b87a%wireless_32768
                                                                    address: 10.70.23.110
                                                                Interface Microsoft Wi-Fi Direct Virtual Adapter:
                                                                    address: fe80:0:0:0:4b72:cd0d:bfdc:7585%wireless_32769
                                                                Interface Microsoft Wi-Fi Direct Virtual Adapter #2:
                                                                    address: fe80:0:0:0:cd14:e344:36ae:4b53%wireless_32770
                                                                Interface Microsoft Teredo Tunneling Adapter:
                                                                Interface Microsoft IP-HTTPS Platform Adapter:
                                                                Interface Microsoft 6to4 Adapter:
                                                                Interface WAN Miniport (SSTP):
                                                                Interface WAN Miniport (IKEv2):
                                                                Interface WAN Miniport (L2TP):
                                                                Interface WAN Miniport (PPTP):
                                                                
                                                                --------------------------------------------------------------------------------
                                                                                         [ Native access information ]                          
                                                                --------------------------------------------------------------------------------
                                                                Native access details: Native access is not available for current platform.
                                                                
                                                                --------------------------------------------------------------------------------
                                                                                                [ DBMS config ]                                 
                                                                --------------------------------------------------------------------------------
                                                                DBMS provided settings:
                                                                db.tx_log.rotation.retention_policy=2 days 2G
                                                                dbms.security.allow_csv_import_from_file_urls=true
                                                                dbms.security.auth_enabled=true
                                                                dbms.security.procedures.unrestricted=apoc.*
                                                                server.bolt.enabled=true
                                                                server.directories.import=C:\Users\Jayprakash Damarla\Desktop\FlawFinder Latest\backend\neo4j-community-5.15.0\import
                                                                server.directories.neo4j_home=C:\Users\Jayprakash Damarla\Desktop\FlawFinder Latest\backend\neo4j-community-5.15.0
                                                                server.http.enabled=true
                                                                server.https.enabled=false
                                                                server.jvm.additional=-XX:+UseG1GC
-XX:-OmitStackTraceInFastThrow
-XX:+AlwaysPreTouch
-XX:+UnlockExperimentalVMOptions
-XX:+TrustFinalNonStaticFields
-XX:+DisableExplicitGC
-Djdk.nio.maxCachedBufferSize=1024
-Dio.netty.tryReflectionSetAccessible=true
-Djdk.tls.ephemeralDHKeySize=2048
-Djdk.tls.rejectClientInitiatedRenegotiation=true
-XX:FlightRecorderOptions=stackdepth=256
-XX:+UnlockDiagnosticVMOptions
-XX:+DebugNonSafepoints
--add-opens=java.base/java.nio=ALL-UNNAMED
--add-opens=java.base/java.io=ALL-UNNAMED
--add-opens=java.base/sun.nio.ch=ALL-UNNAMED
-Dlog4j2.disable.jmx=true
                                                                server.windows_service_name=neo4j
                                                                Directories in use:
                                                                server.directories.data=C:\Users\Jayprakash Damarla\Desktop\FlawFinder Latest\backend\neo4j-community-5.15.0\data
                                                                server.directories.dumps.root=C:\Users\Jayprakash Damarla\Desktop\FlawFinder Latest\backend\neo4j-community-5.15.0\data\dumps
                                                                server.directories.import=C:\Users\Jayprakash Damarla\Desktop\FlawFinder Latest\backend\neo4j-community-5.15.0\import
                                                                server.directories.lib=C:\Users\Jayprakash Damarla\Desktop\FlawFinder Latest\backend\neo4j-community-5.15.0\lib
                                                                server.directories.licenses=C:\Users\Jayprakash Damarla\Desktop\FlawFinder Latest\backend\neo4j-community-5.15.0\licenses
                                                                server.directories.logs=C:\Users\Jayprakash Damarla\Desktop\FlawFinder Latest\backend\neo4j-community-5.15.0\logs
                                                                server.directories.plugins=C:\Users\Jayprakash Damarla\Desktop\FlawFinder Latest\backend\neo4j-community-5.15.0\plugins
                                                                server.directories.run=C:\Users\Jayprakash Damarla\Desktop\FlawFinder Latest\backend\neo4j-community-5.15.0\run
                                                                server.directories.script.root=C:\Users\Jayprakash Damarla\Desktop\FlawFinder Latest\backend\neo4j-community-5.15.0\data\scripts
                                                                server.directories.transaction.logs.root=C:\Users\Jayprakash Damarla\Desktop\FlawFinder Latest\backend\neo4j-community-5.15.0\data\transactions
                                                                
                                                                --------------------------------------------------------------------------------
                                                                                                 [ Packaging ]                                  
                                                                --------------------------------------------------------------------------------
                                                                Edition: Community
                                                                Package Type: tar
                                                                
2025-09-11 18:21:30.960+0000 INFO  [o.n.d.i.DefaultIdentityModule] Found ServerId on disk: ServerId{64525a15} (64525a15-4a7c-4ace-a939-33f080781c95)
2025-09-11 18:21:30.961+0000 INFO  [o.n.d.i.DefaultIdentityModule] This instance is ServerId{64525a15} (64525a15-4a7c-4ace-a939-33f080781c95)
2025-09-11 18:21:32.022+0000 INFO  [o.n.s.CommunityNeoWebServer] ======== Neo4j 5.15.0 ========
2025-09-11 18:21:32.042+0000 INFO  [o.n.d.d.DatabaseLifecycles] Creating 'DatabaseId{00000000[system]}'.
2025-09-11 18:21:32.186+0000 INFO  [o.n.b.BoltServer] Using connector transport NIO
2025-09-11 18:21:32.271+0000 INFO  [o.n.b.BoltServer] Configured external Bolt connector with listener address localhost/127.0.0.1:7687
2025-09-11 18:21:32.271+0000 INFO  [o.n.b.BoltServer] Bolt server loaded
2025-09-11 18:21:32.295+0000 INFO  [o.n.d.d.DatabaseLifecycles] Starting 'DatabaseId{00000000[system]}'.
2025-09-11 18:21:32.539+0000 INFO  [o.n.k.i.t.l.f.c.CheckpointLogFile] [system/00000000] Scanning log file with version 0 for checkpoint entries
2025-09-11 18:21:32.581+0000 INFO  [o.n.k.i.s.f.RecordFormatSelector] [system/00000000] Selected RecordFormat:PageAlignedV5_0[aligned-1.1] record format from store C:\Users\Jayprakash Damarla\Desktop\FlawFinder Latest\backend\neo4j-community-5.15.0\data\databases\system
2025-09-11 18:21:32.583+0000 INFO  [o.n.k.i.s.f.RecordFormatSelector] [system/00000000] Selected format from the store files: RecordFormat:PageAlignedV5_0[aligned-1.1]
2025-09-11 18:21:33.039+0000 INFO  [o.n.i.d.DiagnosticsManager] [system/00000000] 
                                                                [system/00000000] ********************************************************************************
                                                                [system/00000000]                               [ Database: system ]                              
                                                                [system/00000000] ********************************************************************************
                                                                [system/00000000] --------------------------------------------------------------------------------
                                                                [system/00000000]                                   [ Version ]                                   
                                                                [system/00000000] --------------------------------------------------------------------------------
                                                                [system/00000000] DBMS: community record-aligned-1.1
                                                                [system/00000000] Kernel version: 5.15.0
                                                                [system/00000000] 
                                                                [system/00000000] --------------------------------------------------------------------------------
                                                                [system/00000000]                                 [ Store files ]                                 
                                                                [system/00000000] --------------------------------------------------------------------------------
                                                                [system/00000000] Disk space on partition (Total / Free / Free %): 254855344128 / 23036727296 / 9
                                                                [system/00000000] Storage files stored on file store: NTFS
                                                                [system/00000000] Storage files: (filename : modification date - size)
                                                                [system/00000000]   database_lock: 2025-09-11 18:19:19.436+0000 - 0B
                                                                [system/00000000]   neostore: 2025-09-11 18:19:19.225+0000 - 8.000KiB
                                                                [system/00000000]   neostore.counts.db: 2025-09-11 18:21:32.847+0000 - 48.00KiB
                                                                [system/00000000]   neostore.indexstats.db: 2025-09-11 18:21:32.870+0000 - 48.00KiB
                                                                [system/00000000]   neostore.labeltokenstore.db: 2025-09-11 18:20:50.398+0000 - 8.000KiB
                                                                [system/00000000]   neostore.labeltokenstore.db.id: 2025-09-11 18:21:32.793+0000 - 40.00KiB
                                                                [system/00000000]   neostore.labeltokenstore.db.names: 2025-09-11 18:20:50.395+0000 - 8.000KiB
                                                                [system/00000000]   neostore.labeltokenstore.db.names.id: 2025-09-11 18:21:32.790+0000 - 40.00KiB
                                                                [system/00000000]   neostore.nodestore.db: 2025-09-11 18:20:50.395+0000 - 8.000KiB
                                                                [system/00000000]   neostore.nodestore.db.id: 2025-09-11 18:21:32.753+0000 - 40.00KiB
                                                                [system/00000000]   neostore.nodestore.db.labels: 2025-09-11 18:19:19.157+0000 - 8.000KiB
                                                                [system/00000000]   neostore.nodestore.db.labels.id: 2025-09-11 18:21:32.734+0000 - 40.00KiB
                                                                [system/00000000]   neostore.propertystore.db: 2025-09-11 18:20:50.396+0000 - 8.000KiB
                                                                [system/00000000]   neostore.propertystore.db.arrays: 2025-09-11 18:19:19.182+0000 - 8.000KiB
                                                                [system/00000000]   neostore.propertystore.db.arrays.id: 2025-09-11 18:21:32.769+0000 - 40.00KiB
                                                                [system/00000000]   neostore.propertystore.db.id: 2025-09-11 18:21:32.773+0000 - 40.00KiB
                                                                [system/00000000]   neostore.propertystore.db.index: 2025-09-11 18:20:50.393+0000 - 8.000KiB
                                                                [system/00000000]   neostore.propertystore.db.index.id: 2025-09-11 18:21:32.760+0000 - 40.00KiB
                                                                [system/00000000]   neostore.propertystore.db.index.keys: 2025-09-11 18:20:50.397+0000 - 8.000KiB
                                                                [system/00000000]   neostore.propertystore.db.index.keys.id: 2025-09-11 18:21:32.756+0000 - 40.00KiB
                                                                [system/00000000]   neostore.propertystore.db.strings: 2025-09-11 18:20:50.391+0000 - 8.000KiB
                                                                [system/00000000]   neostore.propertystore.db.strings.id: 2025-09-11 18:21:32.764+0000 - 40.00KiB
                                                                [system/00000000]   neostore.relationshipgroupstore.db: 2025-09-11 18:19:19.217+0000 - 8.000KiB
                                                                [system/00000000]   neostore.relationshipgroupstore.db.id: 2025-09-11 18:21:32.806+0000 - 40.00KiB
                                                                [system/00000000]   neostore.relationshipgroupstore.degrees.db: 2025-09-11 18:21:32.860+0000 - 40.00KiB
                                                                [system/00000000]   neostore.relationshipstore.db: 2025-09-11 18:20:50.392+0000 - 8.000KiB
                                                                [system/00000000]   neostore.relationshipstore.db.id: 2025-09-11 18:21:32.776+0000 - 40.00KiB
                                                                [system/00000000]   neostore.relationshiptypestore.db: 2025-09-11 18:20:50.399+0000 - 8.000KiB
                                                                [system/00000000]   neostore.relationshiptypestore.db.id: 2025-09-11 18:21:32.787+0000 - 40.00KiB
                                                                [system/00000000]   neostore.relationshiptypestore.db.names: 2025-09-11 18:20:50.393+0000 - 8.000KiB
                                                                [system/00000000]   neostore.relationshiptypestore.db.names.id: 2025-09-11 18:21:32.780+0000 - 40.00KiB
                                                                [system/00000000]   neostore.schemastore.db: 2025-09-11 18:20:50.397+0000 - 8.000KiB
                                                                [system/00000000]   neostore.schemastore.db.id: 2025-09-11 18:21:32.802+0000 - 40.00KiB
                                                                [system/00000000]   schema:
                                                                [system/00000000]     index:
                                                                [system/00000000]       range-1.0:
                                                                [system/00000000]         3:
                                                                [system/00000000]           index-3: 2025-09-11 18:20:50.408+0000 - 48.00KiB
                                                                [system/00000000]         - Total: 2025-09-11 18:19:20.196+0000 - 48.00KiB
                                                                [system/00000000]         4:
                                                                [system/00000000]           index-4: 2025-09-11 18:20:50.409+0000 - 48.00KiB
                                                                [system/00000000]         - Total: 2025-09-11 18:19:20.252+0000 - 48.00KiB
                                                                [system/00000000]         7:
                                                                [system/00000000]           index-7: 2025-09-11 18:20:50.411+0000 - 48.00KiB
                                                                [system/00000000]         - Total: 2025-09-11 18:19:20.490+0000 - 48.00KiB
                                                                [system/00000000]         8:
                                                                [system/00000000]           index-8: 2025-09-11 18:20:50.412+0000 - 48.00KiB
                                                                [system/00000000]         - Total: 2025-09-11 18:19:20.543+0000 - 48.00KiB
                                                                [system/00000000]       - Total: 2025-09-11 18:19:20.542+0000 - 192.0KiB
                                                                [system/00000000]       token-lookup-1.0:
                                                                [system/00000000]         1:
                                                                [system/00000000]           index-1: 2025-09-11 18:20:50.405+0000 - 48.00KiB
                                                                [system/00000000]         - Total: 2025-09-11 18:19:19.920+0000 - 48.00KiB
                                                                [system/00000000]         2:
                                                                [system/00000000]           index-2: 2025-09-11 18:20:50.407+0000 - 48.00KiB
                                                                [system/00000000]         - Total: 2025-09-11 18:19:19.968+0000 - 48.00KiB
                                                                [system/00000000]       - Total: 2025-09-11 18:19:19.968+0000 - 96.00KiB
                                                                [system/00000000]     - Total: 2025-09-11 18:19:20.195+0000 - 288.0KiB
                                                                [system/00000000]   - Total: 2025-09-11 18:19:19.916+0000 - 288.0KiB
                                                                [system/00000000] Storage summary: 
                                                                [system/00000000]   Total size of store: 1.078MiB
                                                                [system/00000000]   Total size of mapped files: 408.0KiB
                                                                [system/00000000] 
                                                                [system/00000000] --------------------------------------------------------------------------------
                                                                [system/00000000]                               [ Transaction log ]                               
                                                                [system/00000000] --------------------------------------------------------------------------------
                                                                [system/00000000] Transaction log files stored on file store: NTFS
                                                                [system/00000000] Transaction log metadata:
                                                                [system/00000000]  - current kernel version used in transactions: V5_15
                                                                [system/00000000]  - last committed transaction id: 37
                                                                [system/00000000] Transaction log files:
                                                                [system/00000000]  - existing transaction log versions: 0-0
                                                                [system/00000000]  - oldest transaction 2 found in log with version 0
                                                                [system/00000000]  - files: (filename : creation date - size)
                                                                [system/00000000]      neostore.transaction.db.0: 2025-09-11 18:19:19.455+0000 - 19.26KiB
                                                                [system/00000000]  - total size of files: 19.26KiB
                                                                [system/00000000] Checkpoint log files:
                                                                [system/00000000]  - existing checkpoint log versions: 0-0
                                                                [system/00000000]  - last checkpoint: CheckpointInfo[transactionLogPosition=LogPosition{logVersion=0, byteOffset=19725}, storeId=StoreId{creationTime=1757614759223, random=-6160318474181028182, storageEngineName='record', formatName='aligned', majorVersion=1, minorVersion=1}, checkpointEntryPosition=LogPosition{logVersion=0, byteOffset=360}, channelPositionAfterCheckpoint=LogPosition{logVersion=0, byteOffset=592}, checkpointFilePostReadPosition=LogPosition{logVersion=0, byteOffset=592}, kernelVersion=KernelVersion{V5_15,version=14}, kernelVersionByte=14, transactionId=TransactionId[transactionId=37, checksum=604132523, commitTimestamp=1757614760613, consensusIndex=-1], reason=Checkpoint triggered by "Database shutdown" @ txId: 37]
                                                                [system/00000000] 
                                                                [system/00000000] --------------------------------------------------------------------------------
                                                                [system/00000000]                                   [ Id usage ]                                  
                                                                [system/00000000] --------------------------------------------------------------------------------
                                                                [system/00000000] ArrayPropertyStore[neostore.nodestore.db.labels]: used=1 high=0
                                                                [system/00000000] NodeStore[neostore.nodestore.db]: used=6 high=5
                                                                [system/00000000] StringPropertyStore[neostore.propertystore.db.index.keys]: used=44 high=43
                                                                [system/00000000] PropertyIndexStore[neostore.propertystore.db.index]: used=31 high=30
                                                                [system/00000000] StringPropertyStore[neostore.propertystore.db.strings]: used=3 high=2
                                                                [system/00000000] ArrayPropertyStore[neostore.propertystore.db.arrays]: used=1 high=0
                                                                [system/00000000] PropertyStore[neostore.propertystore.db]: used=59 high=58
                                                                [system/00000000] RelationshipStore[neostore.relationshipstore.db]: used=2 high=1
                                                                [system/00000000] StringPropertyStore[neostore.relationshiptypestore.db.names]: used=2 high=1
                                                                [system/00000000] RelationshipTypeStore[neostore.relationshiptypestore.db]: used=1 high=0
                                                                [system/00000000] StringPropertyStore[neostore.labeltokenstore.db.names]: used=5 high=4
                                                                [system/00000000] LabelTokenStore[neostore.labeltokenstore.db]: used=4 high=3
                                                                [system/00000000] SchemaStore[neostore.schemastore.db]: used=11 high=10
                                                                [system/00000000] RelationshipGroupStore[neostore.relationshipgroupstore.db]: used=1 high=0
                                                                [system/00000000] NeoStore[neostore]: used=-1 high=-1
                                                                [system/00000000] 
                                                                [system/00000000] --------------------------------------------------------------------------------
                                                                [system/00000000]                                   [ Metadata ]                                  
                                                                [system/00000000] --------------------------------------------------------------------------------
                                                                [system/00000000] EXTERNAL_STORE_UUID (Database identifier exposed as external store identity. Generated on creation and never updated): 5ec207ee-210d-44cd-b896-5abcb21465ae
                                                                [system/00000000] DATABASE_ID (The last used DatabaseId for this database): null
                                                                [system/00000000] LEGACY_STORE_VERSION (Legacy store format version. This field is used from 5.0 onwards only to distinguish non-migrated pre 5.0 metadata stores.): -3523014627327384477
                                                                [system/00000000] STORE_ID (Store ID): StoreId{creationTime=1757614759223, random=-6160318474181028182, storageEngineName='record', formatName='aligned', majorVersion=1, minorVersion=1}
                                                                [system/00000000] 
2025-09-11 18:21:33.319+0000 INFO  [o.n.k.i.a.i.IndexingService] [system/00000000] IndexingService.init: indexes not specifically mentioned above are ONLINE. Total 6 indexes. Processed in 77ms
2025-09-11 18:21:33.324+0000 INFO  [o.n.k.a.DatabaseAvailabilityGuard] [system/00000000] Requirement `Database unavailable` makes database system unavailable.
2025-09-11 18:21:33.325+0000 INFO  [o.n.k.a.DatabaseAvailabilityGuard] [system/00000000] DatabaseId{00000000[system]} is unavailable.
2025-09-11 18:21:33.401+0000 INFO  [o.n.k.d.Database] [system/00000000] Starting transaction log [C:\Users\Jayprakash Damarla\Desktop\FlawFinder Latest\backend\neo4j-community-5.15.0\data\transactions\system\neostore.transaction.db.0] at version=0
2025-09-11 18:21:33.405+0000 INFO  [o.n.k.d.Database] [system/00000000] Starting transaction log [C:\Users\Jayprakash Damarla\Desktop\FlawFinder Latest\backend\neo4j-community-5.15.0\data\transactions\system\checkpoint.0] at version=0
2025-09-11 18:21:33.406+0000 INFO  [o.n.k.i.t.l.f.c.CheckpointLogFile] [system/00000000] Scanning log file with version 0 for checkpoint entries
2025-09-11 18:21:33.411+0000 INFO  [o.n.k.i.a.i.IndexingService] [system/00000000] IndexingService.start: indexes not specifically mentioned above are ONLINE. Total 6 indexes. Processed in 0ms
2025-09-11 18:21:33.424+0000 INFO  [o.n.k.a.DatabaseAvailabilityGuard] [system/00000000] Fulfilling of requirement 'Database unavailable' makes database system available.
2025-09-11 18:21:33.425+0000 INFO  [o.n.k.a.DatabaseAvailabilityGuard] [system/00000000] DatabaseId{00000000[system]} is ready.
2025-09-11 18:21:33.552+0000 INFO  [o.n.s.s.s.UserSecurityGraphComponent] Performing postInitialization step for component 'security-users' with version 4 and status CURRENT
2025-09-11 18:21:33.552+0000 INFO  [o.n.s.s.s.UserSecurityGraphComponent] Updating the initial password in component 'security-users'
2025-09-11 18:21:33.562+0000 INFO  [o.n.d.d.DatabaseLifecycles] Creating 'DatabaseId{ec133b5e[neo4j]}'.
2025-09-11 18:21:33.568+0000 INFO  [o.n.d.d.DatabaseLifecycles] Starting 'DatabaseId{ec133b5e[neo4j]}'.
2025-09-11 18:21:33.588+0000 INFO  [o.n.k.i.t.l.f.c.CheckpointLogFile] [neo4j/ec133b5e] Scanning log file with version 0 for checkpoint entries
2025-09-11 18:21:33.598+0000 INFO  [o.n.k.i.s.f.RecordFormatSelector] [neo4j/ec133b5e] Selected RecordFormat:PageAlignedV5_0[aligned-1.1] record format from store C:\Users\Jayprakash Damarla\Desktop\FlawFinder Latest\backend\neo4j-community-5.15.0\data\databases\neo4j
2025-09-11 18:21:33.599+0000 INFO  [o.n.k.i.s.f.RecordFormatSelector] [neo4j/ec133b5e] Selected format from the store files: RecordFormat:PageAlignedV5_0[aligned-1.1]
2025-09-11 18:21:33.662+0000 INFO  [o.n.i.d.DiagnosticsManager] [neo4j/ec133b5e] 
                                                                [neo4j/ec133b5e] ********************************************************************************
                                                                [neo4j/ec133b5e]                               [ Database: neo4j ]                               
                                                                [neo4j/ec133b5e] ********************************************************************************
                                                                [neo4j/ec133b5e] --------------------------------------------------------------------------------
                                                                [neo4j/ec133b5e]                                   [ Version ]                                   
                                                                [neo4j/ec133b5e] --------------------------------------------------------------------------------
                                                                [neo4j/ec133b5e] DBMS: community record-aligned-1.1
                                                                [neo4j/ec133b5e] Kernel version: 5.15.0
                                                                [neo4j/ec133b5e] 
                                                                [neo4j/ec133b5e] --------------------------------------------------------------------------------
                                                                [neo4j/ec133b5e]                                 [ Store files ]                                 
                                                                [neo4j/ec133b5e] --------------------------------------------------------------------------------
                                                                [neo4j/ec133b5e] Disk space on partition (Total / Free / Free %): 254855344128 / 23036682240 / 9
                                                                [neo4j/ec133b5e] Storage files stored on file store: NTFS
                                                                [neo4j/ec133b5e] Storage files: (filename : modification date - size)
                                                                [neo4j/ec133b5e]   database_lock: 2025-09-11 18:19:20.680+0000 - 0B
                                                                [neo4j/ec133b5e]   neostore: 2025-09-11 18:19:20.661+0000 - 8.000KiB
                                                                [neo4j/ec133b5e]   neostore.counts.db: 2025-09-11 18:21:33.640+0000 - 40.00KiB
                                                                [neo4j/ec133b5e]   neostore.indexstats.db: 2025-09-11 18:21:33.643+0000 - 48.00KiB
                                                                [neo4j/ec133b5e]   neostore.labeltokenstore.db: 2025-09-11 18:19:20.655+0000 - 0B
                                                                [neo4j/ec133b5e]   neostore.labeltokenstore.db.id: 2025-09-11 18:21:33.634+0000 - 40.00KiB
                                                                [neo4j/ec133b5e]   neostore.labeltokenstore.db.names: 2025-09-11 18:19:20.653+0000 - 8.000KiB
                                                                [neo4j/ec133b5e]   neostore.labeltokenstore.db.names.id: 2025-09-11 18:21:33.632+0000 - 40.00KiB
                                                                [neo4j/ec133b5e]   neostore.nodestore.db: 2025-09-11 18:19:20.637+0000 - 0B
                                                                [neo4j/ec133b5e]   neostore.nodestore.db.id: 2025-09-11 18:21:33.604+0000 - 40.00KiB
                                                                [neo4j/ec133b5e]   neostore.nodestore.db.labels: 2025-09-11 18:19:20.634+0000 - 8.000KiB
                                                                [neo4j/ec133b5e]   neostore.nodestore.db.labels.id: 2025-09-11 18:21:33.602+0000 - 40.00KiB
                                                                [neo4j/ec133b5e]   neostore.propertystore.db: 2025-09-11 18:19:20.785+0000 - 8.000KiB
                                                                [neo4j/ec133b5e]   neostore.propertystore.db.arrays: 2025-09-11 18:19:20.643+0000 - 8.000KiB
                                                                [neo4j/ec133b5e]   neostore.propertystore.db.arrays.id: 2025-09-11 18:21:33.617+0000 - 40.00KiB
                                                                [neo4j/ec133b5e]   neostore.propertystore.db.id: 2025-09-11 18:21:33.620+0000 - 40.00KiB
                                                                [neo4j/ec133b5e]   neostore.propertystore.db.index: 2025-09-11 18:19:20.786+0000 - 8.000KiB
                                                                [neo4j/ec133b5e]   neostore.propertystore.db.index.id: 2025-09-11 18:21:33.610+0000 - 40.00KiB
                                                                [neo4j/ec133b5e]   neostore.propertystore.db.index.keys: 2025-09-11 18:19:20.789+0000 - 8.000KiB
                                                                [neo4j/ec133b5e]   neostore.propertystore.db.index.keys.id: 2025-09-11 18:21:33.607+0000 - 40.00KiB
                                                                [neo4j/ec133b5e]   neostore.propertystore.db.strings: 2025-09-11 18:19:20.641+0000 - 8.000KiB
                                                                [neo4j/ec133b5e]   neostore.propertystore.db.strings.id: 2025-09-11 18:21:33.612+0000 - 40.00KiB
                                                                [neo4j/ec133b5e]   neostore.relationshipgroupstore.db: 2025-09-11 18:19:20.659+0000 - 8.000KiB
                                                                [neo4j/ec133b5e]   neostore.relationshipgroupstore.db.id: 2025-09-11 18:21:33.638+0000 - 40.00KiB
                                                                [neo4j/ec133b5e]   neostore.relationshipgroupstore.degrees.db: 2025-09-11 18:21:33.642+0000 - 40.00KiB
                                                                [neo4j/ec133b5e]   neostore.relationshipstore.db: 2025-09-11 18:19:20.647+0000 - 0B
                                                                [neo4j/ec133b5e]   neostore.relationshipstore.db.id: 2025-09-11 18:21:33.623+0000 - 40.00KiB
                                                                [neo4j/ec133b5e]   neostore.relationshiptypestore.db: 2025-09-11 18:19:20.651+0000 - 0B
                                                                [neo4j/ec133b5e]   neostore.relationshiptypestore.db.id: 2025-09-11 18:21:33.628+0000 - 40.00KiB
                                                                [neo4j/ec133b5e]   neostore.relationshiptypestore.db.names: 2025-09-11 18:19:20.649+0000 - 8.000KiB
                                                                [neo4j/ec133b5e]   neostore.relationshiptypestore.db.names.id: 2025-09-11 18:21:33.625+0000 - 40.00KiB
                                                                [neo4j/ec133b5e]   neostore.schemastore.db: 2025-09-11 18:19:20.788+0000 - 8.000KiB
                                                                [neo4j/ec133b5e]   neostore.schemastore.db.id: 2025-09-11 18:21:33.636+0000 - 40.00KiB
                                                                [neo4j/ec133b5e]   schema:
                                                                [neo4j/ec133b5e]     index:
                                                                [neo4j/ec133b5e]       token-lookup-1.0:
                                                                [neo4j/ec133b5e]         1:
                                                                [neo4j/ec133b5e]           index-1: 2025-09-11 18:20:50.284+0000 - 40.00KiB
                                                                [neo4j/ec133b5e]         - Total: 2025-09-11 18:19:20.705+0000 - 40.00KiB
                                                                [neo4j/ec133b5e]         2:
                                                                [neo4j/ec133b5e]           index-2: 2025-09-11 18:20:50.286+0000 - 40.00KiB
                                                                [neo4j/ec133b5e]         - Total: 2025-09-11 18:19:20.722+0000 - 40.00KiB
                                                                [neo4j/ec133b5e]       - Total: 2025-09-11 18:19:20.721+0000 - 80.00KiB
                                                                [neo4j/ec133b5e]     - Total: 2025-09-11 18:19:20.704+0000 - 80.00KiB
                                                                [neo4j/ec133b5e]   - Total: 2025-09-11 18:19:20.703+0000 - 80.00KiB
                                                                [neo4j/ec133b5e] Storage summary: 
                                                                [neo4j/ec133b5e]   Total size of store: 856.0KiB
                                                                [neo4j/ec133b5e]   Total size of mapped files: 168.0KiB
                                                                [neo4j/ec133b5e] 
                                                                [neo4j/ec133b5e] --------------------------------------------------------------------------------
                                                                [neo4j/ec133b5e]                               [ Transaction log ]                               
                                                                [neo4j/ec133b5e] --------------------------------------------------------------------------------
                                                                [neo4j/ec133b5e] Transaction log files stored on file store: NTFS
                                                                [neo4j/ec133b5e] Transaction log metadata:
                                                                [neo4j/ec133b5e]  - current kernel version used in transactions: V5_15
                                                                [neo4j/ec133b5e]  - last committed transaction id: 3
                                                                [neo4j/ec133b5e] Transaction log files:
                                                                [neo4j/ec133b5e]  - existing transaction log versions: 0-0
                                                                [neo4j/ec133b5e]  - oldest transaction 2 found in log with version 0
                                                                [neo4j/ec133b5e]  - files: (filename : creation date - size)
                                                                [neo4j/ec133b5e]      neostore.transaction.db.0: 2025-09-11 18:19:20.683+0000 - 3.146KiB
                                                                [neo4j/ec133b5e]  - total size of files: 3.146KiB
                                                                [neo4j/ec133b5e] Checkpoint log files:
                                                                [neo4j/ec133b5e]  - existing checkpoint log versions: 0-0
                                                                [neo4j/ec133b5e]  - last checkpoint: CheckpointInfo[transactionLogPosition=LogPosition{logVersion=0, byteOffset=3222}, storeId=StoreId{creationTime=1757614760661, random=-2695572398239501743, storageEngineName='record', formatName='aligned', majorVersion=1, minorVersion=1}, checkpointEntryPosition=LogPosition{logVersion=0, byteOffset=360}, channelPositionAfterCheckpoint=LogPosition{logVersion=0, byteOffset=592}, checkpointFilePostReadPosition=LogPosition{logVersion=0, byteOffset=592}, kernelVersion=KernelVersion{V5_15,version=14}, kernelVersionByte=14, transactionId=TransactionId[transactionId=3, checksum=-112175459, commitTimestamp=1757614760694, consensusIndex=-1], reason=Checkpoint triggered by "Database shutdown" @ txId: 3]
                                                                [neo4j/ec133b5e] 
                                                                [neo4j/ec133b5e] --------------------------------------------------------------------------------
                                                                [neo4j/ec133b5e]                                   [ Id usage ]                                  
                                                                [neo4j/ec133b5e] --------------------------------------------------------------------------------
                                                                [neo4j/ec133b5e] ArrayPropertyStore[neostore.nodestore.db.labels]: used=1 high=0
                                                                [neo4j/ec133b5e] NodeStore[neostore.nodestore.db]: used=0 high=-1
                                                                [neo4j/ec133b5e] StringPropertyStore[neostore.propertystore.db.index.keys]: used=20 high=19
                                                                [neo4j/ec133b5e] PropertyIndexStore[neostore.propertystore.db.index]: used=10 high=9
                                                                [neo4j/ec133b5e] StringPropertyStore[neostore.propertystore.db.strings]: used=1 high=0
                                                                [neo4j/ec133b5e] ArrayPropertyStore[neostore.propertystore.db.arrays]: used=1 high=0
                                                                [neo4j/ec133b5e] PropertyStore[neostore.propertystore.db]: used=8 high=7
                                                                [neo4j/ec133b5e] RelationshipStore[neostore.relationshipstore.db]: used=0 high=-1
                                                                [neo4j/ec133b5e] StringPropertyStore[neostore.relationshiptypestore.db.names]: used=1 high=0
                                                                [neo4j/ec133b5e] RelationshipTypeStore[neostore.relationshiptypestore.db]: used=0 high=-1
                                                                [neo4j/ec133b5e] StringPropertyStore[neostore.labeltokenstore.db.names]: used=1 high=0
                                                                [neo4j/ec133b5e] LabelTokenStore[neostore.labeltokenstore.db]: used=0 high=-1
                                                                [neo4j/ec133b5e] SchemaStore[neostore.schemastore.db]: used=3 high=2
                                                                [neo4j/ec133b5e] RelationshipGroupStore[neostore.relationshipgroupstore.db]: used=1 high=0
                                                                [neo4j/ec133b5e] NeoStore[neostore]: used=-1 high=-1
                                                                [neo4j/ec133b5e] 
                                                                [neo4j/ec133b5e] --------------------------------------------------------------------------------
                                                                [neo4j/ec133b5e]                                   [ Metadata ]                                  
                                                                [neo4j/ec133b5e] --------------------------------------------------------------------------------
                                                                [neo4j/ec133b5e] EXTERNAL_STORE_UUID (Database identifier exposed as external store identity. Generated on creation and never updated): f200f7a9-dd67-4ace-9766-5455b849bbe0
                                                                [neo4j/ec133b5e] DATABASE_ID (The last used DatabaseId for this database): null
                                                                [neo4j/ec133b5e] LEGACY_STORE_VERSION (Legacy store format version. This field is used from 5.0 onwards only to distinguish non-migrated pre 5.0 metadata stores.): -3523014627327384477
                                                                [neo4j/ec133b5e] STORE_ID (Store ID): StoreId{creationTime=1757614760661, random=-2695572398239501743, storageEngineName='record', formatName='aligned', majorVersion=1, minorVersion=1}
                                                                [neo4j/ec133b5e] 
2025-09-11 18:21:33.671+0000 INFO  [o.n.k.i.a.i.IndexingService] [neo4j/ec133b5e] IndexingService.init: indexes not specifically mentioned above are ONLINE. Total 2 indexes. Processed in 5ms
2025-09-11 18:21:33.674+0000 INFO  [o.n.k.a.DatabaseAvailabilityGuard] [neo4j/ec133b5e] Requirement `Database unavailable` makes database neo4j unavailable.
2025-09-11 18:21:33.674+0000 INFO  [o.n.k.a.DatabaseAvailabilityGuard] [neo4j/ec133b5e] DatabaseId{ec133b5e[neo4j]} is unavailable.
2025-09-11 18:21:33.687+0000 INFO  [o.n.k.d.Database] [neo4j/ec133b5e] Starting transaction log [C:\Users\Jayprakash Damarla\Desktop\FlawFinder Latest\backend\neo4j-community-5.15.0\data\transactions\neo4j\neostore.transaction.db.0] at version=0
2025-09-11 18:21:33.689+0000 INFO  [o.n.k.d.Database] [neo4j/ec133b5e] Starting transaction log [C:\Users\Jayprakash Damarla\Desktop\FlawFinder Latest\backend\neo4j-community-5.15.0\data\transactions\neo4j\checkpoint.0] at version=0
2025-09-11 18:21:33.690+0000 INFO  [o.n.k.i.t.l.f.c.CheckpointLogFile] [neo4j/ec133b5e] Scanning log file with version 0 for checkpoint entries
2025-09-11 18:21:33.692+0000 INFO  [o.n.k.i.a.i.IndexingService] [neo4j/ec133b5e] IndexingService.start: indexes not specifically mentioned above are ONLINE. Total 2 indexes. Processed in 0ms
2025-09-11 18:21:33.694+0000 INFO  [o.n.k.a.DatabaseAvailabilityGuard] [neo4j/ec133b5e] Fulfilling of requirement 'Database unavailable' makes database neo4j available.
2025-09-11 18:21:33.694+0000 INFO  [o.n.k.a.DatabaseAvailabilityGuard] [neo4j/ec133b5e] DatabaseId{ec133b5e[neo4j]} is ready.
2025-09-11 18:21:33.735+0000 INFO  [o.n.b.p.c.c.n.SocketNettyConnector] Bolt enabled on localhost:7687.
2025-09-11 18:21:33.736+0000 INFO  [o.n.b.BoltServer] Bolt server started
2025-09-11 18:21:33.736+0000 INFO  [o.n.s.A.ServerComponentsLifecycleAdapter] Starting web server
2025-09-11 18:21:34.811+0000 INFO  [o.n.s.CommunityNeoWebServer] HTTP enabled on localhost:7474.
2025-09-11 18:21:34.812+0000 INFO  [o.n.s.CommunityNeoWebServer] Remote interface available at http://localhost:7474/
2025-09-11 18:21:34.812+0000 INFO  [o.n.s.A.ServerComponentsLifecycleAdapter] Web server started.
2025-09-11 18:21:34.823+0000 INFO  [o.n.g.f.DatabaseManagementServiceFactory] id: 3F94FEF19DD2F119485FE66295B254F0749B0BF210DE2728EA8803544A773755
2025-09-11 18:21:34.825+0000 INFO  [o.n.g.f.DatabaseManagementServiceFactory] name: system
2025-09-11 18:21:34.827+0000 INFO  [o.n.g.f.DatabaseManagementServiceFactory] creationDate: 2025-09-11T18:19:19.223Z
2025-09-11 18:23:50.910+0000 WARN  [o.n.b.p.c.c.c.AtomicSchedulingConnection] [bolt-0] The client is unauthorized due to authentication failure.
2025-09-11 18:25:16.772+0000 WARN  [o.n.b.p.c.c.c.AtomicSchedulingConnection] [bolt-1] The client is unauthorized due to authentication failure.
2025-09-11 18:41:36.050+0000 INFO  [o.n.g.f.m.GlobalModule] Logging config in use: File 'C:\Users\Jayprakash Damarla\Desktop\FlawFinder Latest\backend\neo4j-community-5.15.0\conf\server-logs.xml'
2025-09-11 18:41:36.198+0000 WARN  [o.n.k.i.JvmChecker] You are using an unsupported version of the Java runtime. Please use Java(TM) 17 or Java(TM) 21 to run Neo4j.
2025-09-11 18:41:36.199+0000 WARN  [o.n.k.i.JvmChecker] The max heap memory has not been configured. It is recommended that it is always explicitly configured, to ensure the system has a balanced configuration. Until then, a JVM computed heuristic of 2105540608 bytes is used instead. If you are running neo4j server, you need to configure server.memory.heap.max_size in neo4j.conf. If you are running neo4j embedded, you have to launch the JVM with -Xmx set to a value. You can run neo4j-admin server memory-recommendation for memory configuration suggestions.
2025-09-11 18:41:36.199+0000 WARN  [o.n.k.i.JvmChecker] The initial heap memory has not been configured. It is recommended that it is always explicitly configured, to ensure the system has a balanced configuration. Until then, a JVM computed heuristic of 132120576 bytes is used instead. If you are running neo4j server, you need to configure server.memory.heap.initial_size in neo4j.conf. If you are running neo4j embedded, you have to launch the JVM with -Xms set to a value. You can run neo4j-admin server memory-recommendation for memory configuration suggestions.
2025-09-11 18:41:36.391+0000 WARN  [o.n.i.p.PageCache] The server.memory.pagecache.size setting has not been configured. It is recommended that this setting is always explicitly configured, to ensure the system has a balanced configuration. Until then, a computed heuristic value of 3156764672 bytes will be used instead. Run `neo4j-admin memory-recommendation` for memory configuration suggestions.
2025-09-11 18:41:36.682+0000 INFO  [o.n.i.d.DiagnosticsManager] 
                                                                ********************************************************************************
                                                                                             [ System diagnostics ]                             
                                                                ********************************************************************************
                                                                --------------------------------------------------------------------------------
                                                                                         [ System memory information ]                          
                                                                --------------------------------------------------------------------------------
                                                                Total Physical memory: 7.841GiB
                                                                Free Physical memory: 746.4MiB
                                                                Committed virtual memory: 233.3MiB
                                                                Total swap space: 16.61GiB
                                                                Free swap space: 1.077GiB
                                                                
                                                                --------------------------------------------------------------------------------
                                                                                           [ JVM memory information ]                           
                                                                --------------------------------------------------------------------------------
                                                                Free  memory: 47.78MiB
                                                                Total memory: 80.00MiB
                                                                Max   memory: 1.961GiB
                                                                Garbage Collector: G1 Young Generation: [G1 Eden Space, G1 Survivor Space, G1 Old Gen]
                                                                Garbage Collector: G1 Concurrent GC: [G1 Old Gen]
                                                                Garbage Collector: G1 Old Generation: [G1 Eden Space, G1 Survivor Space, G1 Old Gen]
                                                                Memory Pool: CodeHeap 'non-nmethods' (Non-heap memory): committed=2.438MiB, used=1.514MiB, max=5.563MiB, threshold=0B
                                                                Memory Pool: Metaspace (Non-heap memory): committed=23.06MiB, used=22.65MiB, max=-1B, threshold=0B
                                                                Memory Pool: CodeHeap 'profiled nmethods' (Non-heap memory): committed=4.875MiB, used=4.821MiB, max=117.2MiB, threshold=0B
                                                                Memory Pool: Compressed Class Space (Non-heap memory): committed=2.625MiB, used=2.462MiB, max=1.000GiB, threshold=0B
                                                                Memory Pool: G1 Eden Space (Heap memory): committed=46.00MiB, used=9.000MiB, max=-1B, threshold=?
                                                                Memory Pool: G1 Old Gen (Heap memory): committed=32.00MiB, used=21.47MiB, max=1.961GiB, threshold=0B
                                                                Memory Pool: G1 Survivor Space (Heap memory): committed=2.000MiB, used=1.750MiB, max=-1B, threshold=?
                                                                Memory Pool: CodeHeap 'non-profiled nmethods' (Non-heap memory): committed=2.438MiB, used=1.313MiB, max=117.3MiB, threshold=0B
                                                                
                                                                --------------------------------------------------------------------------------
                                                                                        [ Operating system information ]                        
                                                                --------------------------------------------------------------------------------
                                                                Operating System: Windows 11; version: 10.0; arch: amd64; cpus: 8
                                                                Process id: 17764
                                                                Byte order: LITTLE_ENDIAN
                                                                Local timezone: Asia/Calcutta
                                                                Memory page size: 4096
                                                                Unaligned memory access allowed: true
                                                                
                                                                --------------------------------------------------------------------------------
                                                                                              [ JVM information ]                               
                                                                --------------------------------------------------------------------------------
                                                                VM Name: Java HotSpot(TM) 64-Bit Server VM
                                                                VM Vendor: Oracle Corporation
                                                                VM Version: 23.0.2+7-58
                                                                JIT compiler: HotSpot 64-Bit Tiered Compilers
                                                                VM Arguments: [-XX:+UseG1GC, -XX:-OmitStackTraceInFastThrow, -XX:+AlwaysPreTouch, -XX:+UnlockExperimentalVMOptions, -XX:+TrustFinalNonStaticFields, -XX:+DisableExplicitGC, -Djdk.nio.maxCachedBufferSize=1024, -Dio.netty.tryReflectionSetAccessible=true, -Djdk.tls.ephemeralDHKeySize=2048, -Djdk.tls.rejectClientInitiatedRenegotiation=true, -XX:FlightRecorderOptions=stackdepth=256, -XX:+UnlockDiagnosticVMOptions, -XX:+DebugNonSafepoints, --add-opens=java.base/java.nio=ALL-UNNAMED, --add-opens=java.base/java.io=ALL-UNNAMED, --add-opens=java.base/sun.nio.ch=ALL-UNNAMED, -Dlog4j2.disable.jmx=true, -Dfile.encoding=UTF-8]
                                                                
                                                                --------------------------------------------------------------------------------
                                                                                               [ Java classpath ]                               
                                                                --------------------------------------------------------------------------------
                                                                 [classpath] C:\Users\Jayprakash Damarla\Desktop\FlawFinder Latest\backend\neo4j-community-5.15.0\lib\neo4j-unsafe-5.15.0.jar
                                                                 [classpath] C:\Users\Jayprakash Damarla\Desktop\FlawFinder Latest\backend\neo4j-community-5.15.0\lib\neo4j-cypher-interpreted-runtime-5.15.0.jar
                                                                 [classpath] C:\Users\Jayprakash Damarla\Desktop\FlawFinder Latest\backend\neo4j-community-5.15.0\lib\neo4j-layout-5.15.0.jar
                                                                 [classpath] C:\Users\Jayprakash Damarla\Desktop\FlawFinder Latest\backend\neo4j-community-5.15.0\lib\neo4j-native-5.15.0.jar
                                                                 [classpath] C:\Users\Jayprakash Damarla\Desktop\FlawFinder Latest\backend\neo4j-community-5.15.0\lib\neo4j-logging-5.15.0.jar
                                                                 [classpath] C:\Users\Jayprakash Damarla\Desktop\FlawFinder Latest\backend\neo4j-community-5.15.0\lib\neo4j-import-util-5.15.0.jar
                                                                 [classpath] C:\Users\Jayprakash Damarla\Desktop\FlawFinder Latest\backend\neo4j-community-5.15.0\lib\neo4j-cypher-cache-5.15.0.jar
                                                                 [classpath] C:\Users\Jayprakash Damarla\Desktop\FlawFinder Latest\backend\neo4j-community-5.15.0\lib\jakarta.activation-api-1.2.2.jar
                                                                 [classpath] C:\Users\Jayprakash Damarla\Desktop\FlawFinder Latest\backend\neo4j-community-5.15.0\lib\picocli-4.7.5.jar
                                                                 [classpath] C:\Users\Jayprakash Damarla\Desktop\FlawFinder Latest\backend\neo4j-community-5.15.0\lib\reactor-core-3.5.11.jar
                                                                 [classpath] C:\Users\Jayprakash Damarla\Desktop\FlawFinder Latest\backend\neo4j-community-5.15.0\lib\neo4j-kernel-5.15.0.jar
                                                                 [classpath] C:\Users\Jayprakash Damarla\Desktop\FlawFinder Latest\backend\neo4j-community-5.15.0\lib\jakarta.validation-api-2.0.2.jar
                                                                 [classpath] C:\Users\Jayprakash Damarla\Desktop\FlawFinder Latest\backend\neo4j-community-5.15.0\lib\shiro-lang-1.13.0.jar
                                                                 [classpath] C:\Users\Jayprakash Damarla\Desktop\FlawFinder Latest\backend\neo4j-community-5.15.0\lib\neo4j-graph-algo-5.15.0.jar
                                                                 [classpath] C:\Users\Jayprakash Damarla\Desktop\FlawFinder Latest\backend\neo4j-community-5.15.0\lib\eclipse-collections-api-11.1.0.jar
                                                                 [classpath] C:\Users\Jayprakash Damarla\Desktop\FlawFinder Latest\backend\neo4j-community-5.15.0\lib\FastInfoset-1.2.16.jar
                                                                 [classpath] C:\Users\Jayprakash Damarla\Desktop\FlawFinder Latest\backend\neo4j-community-5.15.0\lib\jersey-client-2.34.jar
                                                                 [classpath] C:\Users\Jayprakash Damarla\Desktop\FlawFinder Latest\backend\neo4j-community-5.15.0\lib\neo4j-wal-5.15.0.jar
                                                                 [classpath] C:\Users\Jayprakash Damarla\Desktop\FlawFinder Latest\backend\neo4j-community-5.15.0\lib\log4j-core-2.20.0.jar
                                                                 [classpath] C:\Users\Jayprakash Damarla\Desktop\FlawFinder Latest\backend\neo4j-community-5.15.0\lib\jetty-servlet-api-4.0.6.jar
                                                                 [classpath] C:\Users\Jayprakash Damarla\Desktop\FlawFinder Latest\backend\neo4j-community-5.15.0\lib\netty-transport-native-kqueue-4.1.100.Final-osx-x86_64.jar
                                                                 [classpath] C:\Users\Jayprakash Damarla\Desktop\FlawFinder Latest\backend\neo4j-community-5.15.0\lib\neo4j-common-5.15.0.jar
                                                                 [classpath] C:\Users\Jayprakash Damarla\Desktop\FlawFinder Latest\backend\neo4j-community-5.15.0\lib\neo4j-token-api-5.15.0.jar
                                                                 [classpath] C:\Users\Jayprakash Damarla\Desktop\FlawFinder Latest\backend\neo4j-community-5.15.0\lib\jetty-util-10.0.17.jar
                                                                 [classpath] C:\Users\Jayprakash Damarla\Desktop\FlawFinder Latest\backend\neo4j-community-5.15.0\lib\argparse4j-0.9.0.jar
                                                                 [classpath] C:\Users\Jayprakash Damarla\Desktop\FlawFinder Latest\backend\neo4j-community-5.15.0\plugins\*
                                                                 [classpath] C:\Users\Jayprakash Damarla\Desktop\FlawFinder Latest\backend\neo4j-community-5.15.0\lib\jline-terminal-3.21.0.jar
                                                                 [classpath] C:\Users\Jayprakash Damarla\Desktop\FlawFinder Latest\backend\neo4j-community-5.15.0\lib\neo4j-schema-5.15.0.jar
                                                                 [classpath] C:\Users\Jayprakash Damarla\Desktop\FlawFinder Latest\backend\neo4j-community-5.15.0\lib\netty-transport-native-unix-common-4.1.100.Final.jar
                                                                 [classpath] C:\Users\Jayprakash Damarla\Desktop\FlawFinder Latest\backend\neo4j-community-5.15.0\lib\reactive-streams-1.0.4.jar
                                                                 [classpath] C:\Users\Jayprakash Damarla\Desktop\FlawFinder Latest\backend\neo4j-community-5.15.0\lib\neo4j-cypher-dsl-2023.8.0.jar
                                                                 [classpath] C:\Users\Jayprakash Damarla\Desktop\FlawFinder Latest\backend\neo4j-community-5.15.0\lib\jersey-hk2-2.34.jar
                                                                 [classpath] C:\Users\Jayprakash Damarla\Desktop\FlawFinder Latest\backend\neo4j-community-5.15.0\lib\jetty-server-10.0.17.jar
                                                                 [classpath] C:\Users\Jayprakash Damarla\Desktop\FlawFinder Latest\backend\neo4j-community-5.15.0\lib\neo4j-id-generator-5.15.0.jar
                                                                 [classpath] C:\Users\Jayprakash Damarla\Desktop\FlawFinder Latest\backend\neo4j-community-5.15.0\lib\neo4j-cypher-slotted-runtime-5.15.0.jar
                                                                 [classpath] C:\Users\Jayprakash Damarla\Desktop\FlawFinder Latest\backend\neo4j-community-5.15.0\lib\jackson-jaxrs-json-provider-2.15.2.jar
                                                                 [classpath] C:\Users\Jayprakash Damarla\Desktop\FlawFinder Latest\backend\neo4j-community-5.15.0\lib\neo4j-consistency-check-5.15.0.jar
                                                                 [classpath] C:\Users\Jayprakash Damarla\Desktop\FlawFinder Latest\backend\neo4j-community-5.15.0\lib\annotations-5.15.0.jar
                                                                 [classpath] C:\Users\Jayprakash Damarla\Desktop\FlawFinder Latest\backend\neo4j-community-5.15.0\lib\neo4j-5.15.0.jar
                                                                 [classpath] C:\Users\Jayprakash Damarla\Desktop\FlawFinder Latest\backend\neo4j-community-5.15.0\lib\neo4j-data-collector-5.15.0.jar
                                                                 [classpath] C:\Users\Jayprakash Damarla\Desktop\FlawFinder Latest\backend\neo4j-community-5.15.0\lib\neo4j-command-line-5.15.0.jar
                                                                 [classpath] C:\Users\Jayprakash Damarla\Desktop\FlawFinder Latest\backend\neo4j-community-5.15.0\lib\netty-tcnative-classes-2.0.61.Final.jar
                                                                 [classpath] C:\Users\Jayprakash Damarla\Desktop\FlawFinder Latest\backend\neo4j-community-5.15.0\lib\neo4j-ssl-5.15.0.jar
                                                                 [classpath] C:\Users\Jayprakash Damarla\Desktop\FlawFinder Latest\backend\neo4j-community-5.15.0\lib\neo4j-security-5.15.0.jar
                                                                 [classpath] C:\Users\Jayprakash Damarla\Desktop\FlawFinder Latest\backend\neo4j-community-5.15.0\lib\commons-lang3-3.13.0.jar
                                                                 [classpath] C:\Users\Jayprakash Damarla\Desktop\FlawFinder Latest\backend\neo4j-community-5.15.0\lib\netty-transport-native-epoll-4.1.100.Final-linux-aarch_64.jar
                                                                 [classpath] C:\Users\Jayprakash Damarla\Desktop\FlawFinder Latest\backend\neo4j-community-5.15.0\lib\neo4j-bolt-5.15.0.jar
                                                                 [classpath] C:\Users\Jayprakash Damarla\Desktop\FlawFinder Latest\backend\neo4j-community-5.15.0\lib\jPowerShell-3.0.jar
                                                                 [classpath] C:\Users\Jayprakash Damarla\Desktop\FlawFinder Latest\backend\neo4j-community-5.15.0\lib\hk2-api-2.6.1.jar
                                                                 [classpath] C:\Users\Jayprakash Damarla\Desktop\FlawFinder Latest\backend\neo4j-community-5.15.0\lib\neo4j-concurrent-5.15.0.jar
                                                                 [classpath] C:\Users\Jayprakash Damarla\Desktop\FlawFinder Latest\backend\neo4j-community-5.15.0\lib\neo4j-procedure-5.15.0.jar
                                                                 [classpath] C:\Users\Jayprakash Damarla\Desktop\FlawFinder Latest\backend\neo4j-community-5.15.0\lib\neo4j-util-5.15.0.jar
                                                                 [classpath] C:\Users\Jayprakash Damarla\Desktop\FlawFinder Latest\backend\neo4j-community-5.15.0\lib\netty-transport-classes-kqueue-4.1.100.Final.jar
                                                                 [classpath] C:\Users\Jayprakash Damarla\Desktop\FlawFinder Latest\backend\neo4j-community-5.15.0\lib\neo4j-configuration-5.15.0.jar
                                                                 [classpath] C:\Users\Jayprakash Damarla\Desktop\FlawFinder Latest\backend\neo4j-community-5.15.0\lib\netty-transport-4.1.100.Final.jar
                                                                 [classpath] C:\Users\Jayprakash Damarla\Desktop\FlawFinder Latest\backend\neo4j-community-5.15.0\lib\neo4j-query-router-5.15.0.jar
                                                                 [classpath] C:\Users\Jayprakash Damarla\Desktop\FlawFinder Latest\backend\neo4j-community-5.15.0\lib\neo4j-cypher-ast-factory-5.15.0.jar
                                                                 [classpath] C:\Users\Jayprakash Damarla\Desktop\FlawFinder Latest\backend\neo4j-community-5.15.0\lib\shiro-cache-1.13.0.jar
                                                                 [classpath] C:\Users\Jayprakash Damarla\Desktop\FlawFinder Latest\backend\neo4j-community-5.15.0\lib\neo4j-cypher-logical-plans-5.15.0.jar
                                                                 [classpath] C:\Users\Jayprakash Damarla\Desktop\FlawFinder Latest\backend\neo4j-community-5.15.0\lib\commons-compress-1.24.0.jar
                                                                 [classpath] C:\Users\Jayprakash Damarla\Desktop\FlawFinder Latest\backend\neo4j-community-5.15.0\lib\kiama_2.13-2.5.1.jar
                                                                 [classpath] C:\Users\Jayprakash Damarla\Desktop\FlawFinder Latest\backend\neo4j-community-5.15.0\lib\netty-codec-http-4.1.100.Final.jar
                                                                 [classpath] C:\Users\Jayprakash Damarla\Desktop\FlawFinder Latest\backend\neo4j-community-5.15.0\lib\zstd-jni-1.5.5-10.jar
                                                                 [classpath] C:\Users\Jayprakash Damarla\Desktop\FlawFinder Latest\backend\neo4j-community-5.15.0\lib\slf4j-api-2.0.9.jar
                                                                 [classpath] C:\Users\Jayprakash Damarla\Desktop\FlawFinder Latest\backend\neo4j-community-5.15.0\lib\neo4j-codegen-5.15.0.jar
                                                                 [classpath] C:\Users\Jayprakash Damarla\Desktop\FlawFinder Latest\backend\neo4j-community-5.15.0\lib\neo4j-graphdb-api-5.15.0.jar
                                                                 [classpath] C:\Users\Jayprakash Damarla\Desktop\FlawFinder Latest\backend\neo4j-community-5.15.0\lib\shiro-crypto-core-1.13.0.jar
                                                                 [classpath] C:\Users\Jayprakash Damarla\Desktop\FlawFinder Latest\backend\neo4j-community-5.15.0\lib\neo4j-java-driver-5.15.0.jar
                                                                 [classpath] C:\Users\Jayprakash Damarla\Desktop\FlawFinder Latest\backend\neo4j-community-5.15.0\lib\txw2-2.3.2.jar
                                                                 [classpath] C:\Users\Jayprakash Damarla\Desktop\FlawFinder Latest\backend\neo4j-community-5.15.0\lib\neo4j-diagnostics-5.15.0.jar
                                                                 [classpath] C:\Users\Jayprakash Damarla\Desktop\FlawFinder Latest\backend\neo4j-community-5.15.0\lib\neo4j-record-storage-engine-5.15.0.jar
                                                                 [classpath] C:\Users\Jayprakash Damarla\Desktop\FlawFinder Latest\backend\neo4j-community-5.15.0\lib\commons-configuration2-2.9.0.jar
                                                                 [classpath] C:\Users\Jayprakash Damarla\Desktop\FlawFinder Latest\backend\neo4j-community-5.15.0\lib\neo4j-rewriting-5.15.0.jar
                                                                 [classpath] C:\Users\Jayprakash Damarla\Desktop\FlawFinder Latest\backend\neo4j-community-5.15.0\lib\javassist-3.25.0-GA.jar
                                                                 [classpath] C:\Users\Jayprakash Damarla\Desktop\FlawFinder Latest\backend\neo4j-community-5.15.0\lib\cypher-shell-5.15.0.jar
                                                                 [classpath] C:\Users\Jayprakash Damarla\Desktop\FlawFinder Latest\backend\neo4j-community-5.15.0\lib\jetty-http-10.0.17.jar
                                                                 [classpath] C:\Users\Jayprakash Damarla\Desktop\FlawFinder Latest\backend\neo4j-community-5.15.0\lib\neo4j-cypher-planner-5.15.0.jar
                                                                 [classpath] C:\Users\Jayprakash Damarla\Desktop\FlawFinder Latest\backend\neo4j-community-5.15.0\lib\server-api-5.15.0.jar
                                                                 [classpath] C:\Users\Jayprakash Damarla\Desktop\FlawFinder Latest\backend\neo4j-community-5.15.0\lib\jakarta.ws.rs-api-2.1.6.jar
                                                                 [classpath] C:\Users\Jayprakash Damarla\Desktop\FlawFinder Latest\backend\neo4j-community-5.15.0\lib\shiro-crypto-hash-1.13.0.jar
                                                                 [classpath] C:\Users\Jayprakash Damarla\Desktop\FlawFinder Latest\backend\neo4j-community-5.15.0\lib\scala-collection-contrib_2.13-0.3.0.jar
                                                                 [classpath] C:\Users\Jayprakash Damarla\Desktop\FlawFinder Latest\backend\neo4j-community-5.15.0\lib\netty-transport-classes-epoll-4.1.100.Final.jar
                                                                 [classpath] C:\Users\Jayprakash Damarla\Desktop\FlawFinder Latest\backend\neo4j-community-5.15.0\lib\netty-transport-native-epoll-4.1.100.Final-linux-x86_64.jar
                                                                 [classpath] C:\Users\Jayprakash Damarla\Desktop\FlawFinder Latest\backend\neo4j-community-5.15.0\lib\neo4j-front-end-5.15.0.jar
                                                                 [classpath] C:\Users\Jayprakash Damarla\Desktop\FlawFinder Latest\backend\neo4j-community-5.15.0\lib\zstd-proxy-5.15.0.jar
                                                                 [classpath] C:\Users\Jayprakash Damarla\Desktop\FlawFinder Latest\backend\neo4j-community-5.15.0\lib\jetty-webapp-10.0.17.jar
                                                                 [classpath] C:\Users\Jayprakash Damarla\Desktop\FlawFinder Latest\backend\neo4j-community-5.15.0\lib\jna-5.13.0.jar
                                                                 [classpath] C:\Users\Jayprakash Damarla\Desktop\FlawFinder Latest\backend\neo4j-community-5.15.0\lib\commons-logging-1.2.jar
                                                                 [classpath] C:\Users\Jayprakash Damarla\Desktop\FlawFinder Latest\backend\neo4j-community-5.15.0\lib\jProcesses-1.6.5.jar
                                                                 [classpath] C:\Users\Jayprakash Damarla\Desktop\FlawFinder Latest\backend\neo4j-community-5.15.0\lib\WMI4Java-1.6.3.jar
                                                                 [classpath] C:\Users\Jayprakash Damarla\Desktop\FlawFinder Latest\backend\neo4j-community-5.15.0\lib\netty-handler-4.1.100.Final.jar
                                                                 [classpath] C:\Users\Jayprakash Damarla\Desktop\FlawFinder Latest\backend\neo4j-community-5.15.0\lib\lucene-queryparser-9.8.0.jar
                                                                 [classpath] C:\Users\Jayprakash Damarla\Desktop\FlawFinder Latest\backend\neo4j-community-5.15.0\lib\neo4j-cypher-javacc-parser-5.15.0.jar
                                                                 [classpath] C:\Users\Jayprakash Damarla\Desktop\FlawFinder Latest\backend\neo4j-community-5.15.0\lib\ipaddress-5.4.0.jar
                                                                 [classpath] C:\Users\Jayprakash Damarla\Desktop\FlawFinder Latest\backend\neo4j-community-5.15.0\lib\neo4j-kernel-api-5.15.0.jar
                                                                 [classpath] C:\Users\Jayprakash Damarla\Desktop\FlawFinder Latest\backend\neo4j-community-5.15.0\lib\neo4j-bootcheck-5.15.0.jar
                                                                 [classpath] C:\Users\Jayprakash Damarla\Desktop\FlawFinder Latest\backend\neo4j-community-5.15.0\lib\jline-reader-3.21.0.jar
                                                                 [classpath] C:\Users\Jayprakash Damarla\Desktop\FlawFinder Latest\backend\neo4j-community-5.15.0\lib\scala-reflect-2.13.11.jar
                                                                 [classpath] C:\Users\Jayprakash Damarla\Desktop\FlawFinder Latest\backend\neo4j-community-5.15.0\lib\shiro-core-1.13.0.jar
                                                                 [classpath] C:\Users\Jayprakash Damarla\Desktop\FlawFinder Latest\backend\neo4j-community-5.15.0\lib\neo4j-lucene-index-5.15.0.jar
                                                                 [classpath] C:\Users\Jayprakash Damarla\Desktop\FlawFinder Latest\backend\neo4j-community-5.15.0\lib\neo4j-io-5.15.0.jar
                                                                 [classpath] C:\Users\Jayprakash Damarla\Desktop\FlawFinder Latest\backend\neo4j-community-5.15.0\lib\hk2-locator-2.6.1.jar
                                                                 [classpath] C:\Users\Jayprakash Damarla\Desktop\FlawFinder Latest\backend\neo4j-community-5.15.0\lib\lucene-backward-codecs-9.8.0.jar
                                                                 [classpath] C:\Users\Jayprakash Damarla\Desktop\FlawFinder Latest\backend\neo4j-community-5.15.0\lib\neo4j-procedure-api-5.15.0.jar
                                                                 [classpath] C:\Users\Jayprakash Damarla\Desktop\FlawFinder Latest\backend\neo4j-community-5.15.0\lib\neo4j-expressions-5.15.0.jar
                                                                 [classpath] C:\Users\Jayprakash Damarla\Desktop\FlawFinder Latest\backend\neo4j-community-5.15.0\lib\jersey-common-2.34.jar
                                                                 [classpath] C:\Users\Jayprakash Damarla\Desktop\FlawFinder Latest\backend\neo4j-community-5.15.0\lib\cypher-ast-factory-5.15.0.jar
                                                                 [classpath] C:\Users\Jayprakash Damarla\Desktop\FlawFinder Latest\backend\neo4j-community-5.15.0\lib\neo4j-spatial-index-5.15.0.jar
                                                                 [classpath] C:\Users\Jayprakash Damarla\Desktop\FlawFinder Latest\backend\neo4j-community-5.15.0\lib\jakarta.inject-2.6.1.jar
                                                                 [classpath] C:\Users\Jayprakash Damarla\Desktop\FlawFinder Latest\backend\neo4j-community-5.15.0\lib\jetty-io-10.0.17.jar
                                                                 [classpath] C:\Users\Jayprakash Damarla\Desktop\FlawFinder Latest\backend\neo4j-community-5.15.0\lib\jakarta.xml.bind-api-2.3.2.jar
                                                                 [classpath] C:\Users\Jayprakash Damarla\Desktop\FlawFinder Latest\backend\neo4j-community-5.15.0\lib\neo4j-cypher-physical-planning-5.15.0.jar
                                                                 [classpath] C:\Users\Jayprakash Damarla\Desktop\FlawFinder Latest\backend\neo4j-community-5.15.0\lib\neo4j-csv-5.15.0.jar
                                                                 [classpath] C:\Users\Jayprakash Damarla\Desktop\FlawFinder Latest\backend\neo4j-community-5.15.0\lib\magnolia_2.13-0.17.0.jar
                                                                 [classpath] C:\Users\Jayprakash Damarla\Desktop\FlawFinder Latest\backend\neo4j-community-5.15.0\lib\netty-resolver-4.1.100.Final.jar
                                                                 [classpath] C:\Users\Jayprakash Damarla\Desktop\FlawFinder Latest\backend\neo4j-community-5.15.0\lib\neo4j-ast-5.15.0.jar
                                                                 [classpath] C:\Users\Jayprakash Damarla\Desktop\FlawFinder Latest\backend\neo4j-community-5.15.0\lib\neo4j-cypher-ir-5.15.0.jar
                                                                 [classpath] C:\Users\Jayprakash Damarla\Desktop\FlawFinder Latest\backend\neo4j-community-5.15.0\lib\jline-terminal-jansi-3.21.0.jar
                                                                 [classpath] C:\Users\Jayprakash Damarla\Desktop\FlawFinder Latest\backend\neo4j-community-5.15.0\lib\netty-buffer-4.1.100.Final.jar
                                                                 [classpath] C:\Users\Jayprakash Damarla\Desktop\FlawFinder Latest\backend\neo4j-community-5.15.0\lib\jansi-2.4.0.jar
                                                                 [classpath] C:\Users\Jayprakash Damarla\Desktop\FlawFinder Latest\backend\neo4j-community-5.15.0\lib\neo4j-dbms-5.15.0.jar
                                                                 [classpath] C:\Users\Jayprakash Damarla\Desktop\FlawFinder Latest\backend\neo4j-community-5.15.0\lib\neo4j-collections-5.15.0.jar
                                                                 [classpath] C:\Users\Jayprakash Damarla\Desktop\FlawFinder Latest\backend\neo4j-community-5.15.0\lib\netty-transport-native-kqueue-4.1.100.Final-osx-aarch_64.jar
                                                                 [classpath] C:\Users\Jayprakash Damarla\Desktop\FlawFinder Latest\backend\neo4j-community-5.15.0\lib\jackson-databind-2.15.2.jar
                                                                 [classpath] C:\Users\Jayprakash Damarla\Desktop\FlawFinder Latest\backend\neo4j-community-5.15.0\lib\neo4j-push-to-cloud-5.15.0.jar
                                                                 [classpath] C:\Users\Jayprakash Damarla\Desktop\FlawFinder Latest\backend\neo4j-community-5.15.0\lib\neo4j-browser-5.12.0.jar
                                                                 [classpath] C:\Users\Jayprakash Damarla\Desktop\FlawFinder Latest\backend\neo4j-community-5.15.0\lib\netty-codec-4.1.100.Final.jar
                                                                 [classpath] C:\Users\Jayprakash Damarla\Desktop\FlawFinder Latest\backend\neo4j-community-5.15.0\lib\neo4j-cypher-runtime-util-5.15.0.jar
                                                                 [classpath] C:\Users\Jayprakash Damarla\Desktop\FlawFinder Latest\backend\neo4j-community-5.15.0\lib\neo4j-lock-5.15.0.jar
                                                                 [classpath] C:\Users\Jayprakash Damarla\Desktop\FlawFinder Latest\backend\neo4j-community-5.15.0\lib\jetty-xml-10.0.17.jar
                                                                 [classpath] C:\Users\Jayprakash Damarla\Desktop\FlawFinder Latest\backend\neo4j-community-5.15.0\lib\neo4j-fulltext-index-5.15.0.jar
                                                                 [classpath] C:\Users\Jayprakash Damarla\Desktop\FlawFinder Latest\backend\neo4j-community-5.15.0\lib\jakarta.annotation-api-1.3.5.jar
                                                                 [classpath] C:\Users\Jayprakash Damarla\Desktop\FlawFinder Latest\backend\neo4j-community-5.15.0\lib\lucene-core-9.8.0.jar
                                                                 [classpath] C:\Users\Jayprakash Damarla\Desktop\FlawFinder Latest\backend\neo4j-community-5.15.0\lib\jersey-container-servlet-core-2.34.jar
                                                                 [classpath] C:\Users\Jayprakash Damarla\Desktop\FlawFinder Latest\backend\neo4j-community-5.15.0\lib\jaxb-runtime-2.3.2.jar
                                                                 [classpath] C:\Users\Jayprakash Damarla\Desktop\FlawFinder Latest\backend\neo4j-community-5.15.0\lib\istack-commons-runtime-3.0.8.jar
                                                                 [classpath] C:\Users\Jayprakash Damarla\Desktop\FlawFinder Latest\backend\neo4j-community-5.15.0\lib\caffeine-3.1.8.jar
                                                                 [classpath] C:\Users\Jayprakash Damarla\Desktop\FlawFinder Latest\backend\neo4j-community-5.15.0\lib\neo4j-fabric-5.15.0.jar
                                                                 [classpath] C:\Users\Jayprakash Damarla\Desktop\FlawFinder Latest\backend\neo4j-community-5.15.0\lib\shiro-event-1.13.0.jar
                                                                 [classpath] C:\Users\Jayprakash Damarla\Desktop\FlawFinder Latest\backend\neo4j-community-5.15.0\lib\commons-text-1.11.0.jar
                                                                 [classpath] C:\Users\Jayprakash Damarla\Desktop\FlawFinder Latest\backend\neo4j-community-5.15.0\lib\neo4j-slf4j-provider-5.15.0.jar
                                                                 [classpath] C:\Users\Jayprakash Damarla\Desktop\FlawFinder Latest\backend\neo4j-community-5.15.0\lib\lucene-analysis-common-9.8.0.jar
                                                                 [classpath] C:\Users\Jayprakash Damarla\Desktop\FlawFinder Latest\backend\neo4j-community-5.15.0\lib\jersey-server-2.34.jar
                                                                 [classpath] C:\Users\Jayprakash Damarla\Desktop\FlawFinder Latest\backend\neo4j-community-5.15.0\lib\eclipse-collections-11.1.0.jar
                                                                 [classpath] C:\Users\Jayprakash Damarla\Desktop\FlawFinder Latest\backend\neo4j-community-5.15.0\lib\jetty-security-10.0.17.jar
                                                                 [classpath] C:\Users\Jayprakash Damarla\Desktop\FlawFinder Latest\backend\neo4j-community-5.15.0\lib\cypher-literal-interpreter-5.15.0.jar
                                                                 [classpath] C:\Users\Jayprakash Damarla\Desktop\FlawFinder Latest\backend\neo4j-community-5.15.0\lib\stax-ex-1.8.1.jar
                                                                 [classpath] C:\Users\Jayprakash Damarla\Desktop\FlawFinder Latest\backend\neo4j-community-5.15.0\lib\neo4j-values-5.15.0.jar
                                                                 [classpath] C:\Users\Jayprakash Damarla\Desktop\FlawFinder Latest\backend\neo4j-community-5.15.0\lib\log4j-api-2.20.0.jar
                                                                 [classpath] C:\Users\Jayprakash Damarla\Desktop\FlawFinder Latest\backend\neo4j-community-5.15.0\lib\jettison-1.5.4.jar
                                                                 [classpath] C:\Users\Jayprakash Damarla\Desktop\FlawFinder Latest\backend\neo4j-community-5.15.0\lib\neo4j-index-5.15.0.jar
                                                                 [classpath] C:\Users\Jayprakash Damarla\Desktop\FlawFinder Latest\backend\neo4j-community-5.15.0\lib\neo4j-server-5.15.0.jar
                                                                 [classpath] C:\Users\Jayprakash Damarla\Desktop\FlawFinder Latest\backend\neo4j-community-5.15.0\lib\neo4j-storage-engine-util-5.15.0.jar
                                                                 [classpath] C:\Users\Jayprakash Damarla\Desktop\FlawFinder Latest\backend\neo4j-community-5.15.0\lib\neo4j-cypher-macros-5.15.0.jar
                                                                 [classpath] C:\Users\Jayprakash Damarla\Desktop\FlawFinder Latest\backend\neo4j-community-5.15.0\lib\jackson-core-2.15.2.jar
                                                                 [classpath] C:\Users\Jayprakash Damarla\Desktop\FlawFinder Latest\backend\neo4j-community-5.15.0\lib\neo4j-resource-5.15.0.jar
                                                                 [classpath] C:\Users\Jayprakash Damarla\Desktop\FlawFinder Latest\backend\neo4j-community-5.15.0\lib\neo4j-cypher-5.15.0.jar
                                                                 [classpath] C:\Users\Jayprakash Damarla\Desktop\FlawFinder Latest\backend\neo4j-community-5.15.0\lib\hk2-utils-2.6.1.jar
                                                                 [classpath] C:\Users\Jayprakash Damarla\Desktop\FlawFinder Latest\backend\neo4j-community-5.15.0\lib\neo4j-capabilities-5.15.0.jar
                                                                 [classpath] C:\Users\Jayprakash Damarla\Desktop\FlawFinder Latest\backend\neo4j-community-5.15.0\lib\neo4j-monitoring-5.15.0.jar
                                                                 [classpath] C:\Users\Jayprakash Damarla\Desktop\FlawFinder Latest\backend\neo4j-community-5.15.0\lib\jackson-module-jaxb-annotations-2.15.2.jar
                                                                 [classpath] C:\Users\Jayprakash Damarla\Desktop\FlawFinder Latest\backend\neo4j-community-5.15.0\lib\shiro-config-core-1.13.0.jar
                                                                 [classpath] C:\Users\Jayprakash Damarla\Desktop\FlawFinder Latest\backend\neo4j-community-5.15.0\lib\neo4j-import-tool-5.15.0.jar
                                                                 [classpath] C:\Users\Jayprakash Damarla\Desktop\FlawFinder Latest\backend\neo4j-community-5.15.0\lib\log4j-layout-template-json-2.20.0.jar
                                                                 [classpath] C:\Users\Jayprakash Damarla\Desktop\FlawFinder Latest\backend\neo4j-community-5.15.0\lib\neo4j-cypher-planner-spi-5.15.0.jar
                                                                 [classpath] C:\Users\Jayprakash Damarla\Desktop\FlawFinder Latest\backend\neo4j-community-5.15.0\lib\neo4j-exceptions-5.15.0.jar
                                                                 [classpath] C:\Users\Jayprakash Damarla\Desktop\FlawFinder Latest\backend\neo4j-community-5.15.0\lib\shiro-crypto-cipher-1.13.0.jar
                                                                 [classpath] C:\Users\Jayprakash Damarla\Desktop\FlawFinder Latest\backend\neo4j-community-5.15.0\lib\jackson-jaxrs-base-2.15.2.jar
                                                                 [classpath] C:\Users\Jayprakash Damarla\Desktop\FlawFinder Latest\backend\neo4j-community-5.15.0\lib\jackson-annotations-2.15.2.jar
                                                                 [classpath] C:\Users\Jayprakash Damarla\Desktop\FlawFinder Latest\backend\neo4j-community-5.15.0\lib\scala-library-2.13.11.jar
                                                                 [classpath] C:\Users\Jayprakash Damarla\Desktop\FlawFinder Latest\backend\neo4j-community-5.15.0\lib\neo4j-cypher-config-5.15.0.jar
                                                                 [classpath] C:\Users\Jayprakash Damarla\Desktop\FlawFinder Latest\backend\neo4j-community-5.15.0\lib\mercator_2.13-0.2.1.jar
                                                                 [classpath] C:\Users\Jayprakash Damarla\Desktop\FlawFinder Latest\backend\neo4j-community-5.15.0\lib\jetty-servlet-10.0.17.jar
                                                                 [classpath] C:\Users\Jayprakash Damarla\Desktop\FlawFinder Latest\backend\neo4j-community-5.15.0\conf\*
                                                                 [classpath] C:\Users\Jayprakash Damarla\Desktop\FlawFinder Latest\backend\neo4j-community-5.15.0\lib\netty-common-4.1.100.Final.jar
                                                                 [classpath] C:\Users\Jayprakash Damarla\Desktop\FlawFinder Latest\backend\neo4j-community-5.15.0\lib\jctools-core-4.0.1.jar
                                                                 [classpath] C:\Users\Jayprakash Damarla\Desktop\FlawFinder Latest\backend\neo4j-community-5.15.0\lib\neo4j-cypher-expression-evaluator-5.15.0.jar
                                                                 [classpath] C:\Users\Jayprakash Damarla\Desktop\FlawFinder Latest\backend\neo4j-community-5.15.0\lib\commons-io-2.15.0.jar
                                                                 [classpath] C:\Users\Jayprakash Damarla\Desktop\FlawFinder Latest\backend\neo4j-community-5.15.0\lib\jersey-container-servlet-2.34.jar
                                                                
                                                                --------------------------------------------------------------------------------
                                                                                                [ Library path ]                                
                                                                --------------------------------------------------------------------------------
                                                                C:\Program Files\Java\jdk-23\bin
                                                                C:\WINDOWS\Sun\Java\bin
                                                                C:\Windows\System32
                                                                C:\Windows
                                                                C:\Program Files\Common Files\Oracle\Java\javapath_target_343154843
                                                                C:\Windows\System32
                                                                C:\Windows
                                                                C:\Windows\System32\wbem
                                                                C:\Windows\System32\WindowsPowerShell\v1.0
                                                                C:\Windows\System32\OpenSSH
                                                                C:\Program Files (x86)\NVIDIA Corporation\PhysX\Common
                                                                C:\Windows\System32
                                                                C:\Windows
                                                                C:\Windows\System32\wbem
                                                                C:\Windows\System32\WindowsPowerShell\v1.0
                                                                C:\Windows\System32\OpenSSH
                                                                C:\Program Files\NVIDIA Corporation\NVIDIA app\NvDLISR
                                                                C:\Program Files\dotnet
                                                                C:\Program Files\nodejs
                                                                C:\GnuWin32\bin
                                                                C:\Program Files\CodeBlocks\MinGW\bin
                                                                C:\Users\Jayprakash Damarla\AppData\Local\Programs\Python\Python311
                                                                C:\Users\Jayprakash Damarla\AppData\Local\Programs\Python\Python311\Scripts
                                                                C:\Users\Jayprakash Damarla\AppData\Local\Programs\Python\Python311
                                                                C:\Program Files\Git\cmd
                                                                C:\Program Files\Git\bin
                                                                C:\Program Files\MongoDB\Server\8.0\bin
                                                                C:\Users\Jayprakash Damarla\AppData\Local\Programs\Python\Python38
                                                                C:\Users\Jayprakash Damarla\AppData\Local\Programs\Python\Python38\Scripts
                                                                C:\Users\Jayprakash Damarla\Desktop\FlawFinder Latest\backend\neo4j-community-5.15.0
                                                                C:\ProgramData\chocolatey\bin
                                                                C:\Program Files\Cloudflare\Cloudflare WARP
                                                                C:\Users\Jayprakash Damarla\AppData\Local\Programs\Python\Python38\Scripts
                                                                C:\Users\Jayprakash Damarla\AppData\Local\Programs\Python\Python38
                                                                C:\Users\Jayprakash Damarla\AppData\Local\Programs\Python\Python313\Scripts
                                                                C:\Users\Jayprakash Damarla\AppData\Local\Programs\Python\Python313
                                                                C:\Program Files\MySQL\MySQL Shell 8.0\bin
                                                                C:\Users\Jayprakash Damarla\AppData\Local\Microsoft\WindowsApps
                                                                C:\Users\Jayprakash Damarla\AppData\Local\Programs\Microsoft VS Code\bin
                                                                C:\Users\Jayprakash Damarla\AppData\Roaming\npm
                                                                C:\Program Files\Java\jdk-23\bin
                                                                C:\Users\Jayprakash Damarla\Desktop\FlawFinder Latest\backend\neo4j-community-5.15.0
                                                                C:\Users\Jayprakash Damarla\AppData\Local\Programs\Ollama
                                                                C:\Program Files (x86)\Nmap
                                                                C:\Users\Jayprakash Damarla\AppData\Local\Programs\cursor\resources\app\bin
                                                                C:\Users\Jayprakash Damarla\AppData\Roaming\Code\User\globalStorage\github.copilot-chat\debugCommand
                                                                C:\Users\Jayprakash Damarla\.vscode\extensions\ms-python.debugpy-2025.10.0-win32-x64\bundled\scripts\noConfigScripts
                                                                C:\Users\Jayprakash Damarla\Desktop\FlawFinder Latest\backend\neo4j-community-5.15.0
                                                                
                                                                --------------------------------------------------------------------------------
                                                                                             [ System properties ]                              
                                                                --------------------------------------------------------------------------------
                                                                jdk.tls.rejectClientInitiatedRenegotiation = true
                                                                sun.cpu.isalist = amd64
                                                                sun.jnu.encoding = Cp1252
                                                                sun.arch.data.model = 64
                                                                user.variant = 
                                                                user.timezone = Asia/Calcutta
                                                                sun.java.launcher = SUN_STANDARD
                                                                user.country = IN
                                                                sun.boot.library.path = C:\Program Files\Java\jdk-23\bin
                                                                sun.java.command = org.neo4j.server.CommunityEntryPoint --home-dir=C:\Users\Jayprakash Damarla\Desktop\FlawFinder Latest\backend\neo4j-community-5.15.0 --config-dir=C:\Users\Jayprakash Damarla\Desktop\FlawFinder Latest\backend\neo4j-community-5.15.0\conf --console-mode
                                                                jdk.debug = release
                                                                io.netty.tryReflectionSetAccessible = true
                                                                sun.cpu.endian = little
                                                                user.home = C:\Users\Jayprakash Damarla
                                                                user.language = en
                                                                file.separator = \
                                                                jdk.tls.ephemeralDHKeySize = 2048
                                                                user.script = 
                                                                sun.management.compiler = HotSpot 64-Bit Tiered Compilers
                                                                user.name = Jayprakash Damarla
                                                                stdout.encoding = cp437
                                                                jdk.nio.maxCachedBufferSize = 1024
                                                                path.separator = ;
                                                                file.encoding = UTF-8
                                                                jnidispatch.path = C:\Users\JAYPRA~1\AppData\Local\Temp\jna--1802102338\jna1977440703114524255.dll
                                                                jna.loaded = true
                                                                user.dir = C:\Users\Jayprakash Damarla\Desktop\FlawFinder Latest\backend\neo4j-community-5.15.0
                                                                sun.os.patch.level = 
                                                                native.encoding = Cp1252
                                                                stderr.encoding = cp437
                                                                sun.io.unicode.encoding = UnicodeLittle
                                                                log4j2.disable.jmx = true
                                                                
                                                                --------------------------------------------------------------------------------
                                                                                      [ (IANA) TimeZone database version ]                      
                                                                --------------------------------------------------------------------------------
                                                                  TimeZone version: 2024b (available for 603 zone identifiers)
                                                                
                                                                --------------------------------------------------------------------------------
                                                                                            [ Network information ]                             
                                                                --------------------------------------------------------------------------------
                                                                Interface VirtualBox Host-Only Ethernet Adapter-WFP Native MAC Layer LightWeight Filter-0000:
                                                                Interface VirtualBox Host-Only Ethernet Adapter-Npcap Packet Driver (NPCAP)-0000:
                                                                Interface VirtualBox Host-Only Ethernet Adapter-QoS Packet Scheduler-0000:
                                                                Interface VirtualBox Host-Only Ethernet Adapter-WFP 802.3 MAC Layer LightWeight Filter-0000:
                                                                Interface Killer E2500 Gigabit Ethernet Controller-WFP Native MAC Layer LightWeight Filter-0000:
                                                                Interface Killer E2500 Gigabit Ethernet Controller-Npcap Packet Driver (NPCAP)-0000:
                                                                Interface Killer E2500 Gigabit Ethernet Controller-VirtualBox NDIS Light-Weight Filter-0000:
                                                                Interface Killer E2500 Gigabit Ethernet Controller-QoS Packet Scheduler-0000:
                                                                Interface Killer E2500 Gigabit Ethernet Controller-WFP 802.3 MAC Layer LightWeight Filter-0000:
                                                                Interface WAN Miniport (IP)-WFP Native MAC Layer LightWeight Filter-0000:
                                                                Interface WAN Miniport (IP)-Npcap Packet Driver (NPCAP)-0000:
                                                                Interface WAN Miniport (IP)-QoS Packet Scheduler-0000:
                                                                Interface WAN Miniport (IPv6)-WFP Native MAC Layer LightWeight Filter-0000:
                                                                Interface WAN Miniport (IPv6)-Npcap Packet Driver (NPCAP)-0000:
                                                                Interface WAN Miniport (IPv6)-QoS Packet Scheduler-0000:
                                                                Interface WAN Miniport (Network Monitor)-WFP Native MAC Layer LightWeight Filter-0000:
                                                                Interface WAN Miniport (Network Monitor)-Npcap Packet Driver (NPCAP)-0000:
                                                                Interface WAN Miniport (Network Monitor)-QoS Packet Scheduler-0000:
                                                                Interface Bluetooth Device (Personal Area Network)-Npcap Packet Driver (NPCAP)-0000:
                                                                Interface Killer E2500 Gigabit Ethernet Controller:
                                                                    address: fe80:0:0:0:7b87:7a78:8272:7f61%ethernet_32768
                                                                Interface Microsoft Kernel Debug Network Adapter:
                                                                Interface WAN Miniport (IP):
                                                                Interface WAN Miniport (IPv6):
                                                                Interface WAN Miniport (Network Monitor):
                                                                Interface Bluetooth Device (Personal Area Network):
                                                                    address: fe80:0:0:0:bebc:b6c5:21dd:df83%ethernet_32773
                                                                Interface VirtualBox Host-Only Ethernet Adapter:
                                                                    address: fe80:0:0:0:a316:cb35:9f97:6787%ethernet_32774
                                                                    address: 192.168.56.1
                                                                Interface WAN Miniport (PPPOE):
                                                                Interface Software Loopback Interface 1:
                                                                    address: 0:0:0:0:0:0:0:1
                                                                    address: 127.0.0.1
                                                                Interface Cloudflare WARP Interface Tunnel-Npcap Packet Driver (NPCAP)-0000:
                                                                Interface Cloudflare WARP Interface Tunnel:
                                                                    address: fe80:0:0:0:892e:6dba:e176:68e4%iftype53_32768
                                                                    address: 2606:4700:110:800a:9041:2dd4:aaf1:a629
                                                                    address: 172.16.0.2
                                                                Interface Killer(R) Wi-Fi 6 AX1650x 160MHz Wireless Network Adapter (200NGW)-WFP Native MAC Layer LightWeight Filter-0000:
                                                                Interface Killer(R) Wi-Fi 6 AX1650x 160MHz Wireless Network Adapter (200NGW)-Virtual WiFi Filter Driver-0000:
                                                                Interface Killer(R) Wi-Fi 6 AX1650x 160MHz Wireless Network Adapter (200NGW)-Native WiFi Filter Driver-0000:
                                                                Interface Killer(R) Wi-Fi 6 AX1650x 160MHz Wireless Network Adapter (200NGW)-Npcap Packet Driver (NPCAP)-0000:
                                                                Interface Killer(R) Wi-Fi 6 AX1650x 160MHz Wireless Network Adapter (200NGW)-VirtualBox NDIS Light-Weight Filter-0000:
                                                                Interface Killer(R) Wi-Fi 6 AX1650x 160MHz Wireless Network Adapter (200NGW)-QoS Packet Scheduler-0000:
                                                                Interface Killer(R) Wi-Fi 6 AX1650x 160MHz Wireless Network Adapter (200NGW)-WFP 802.3 MAC Layer LightWeight Filter-0000:
                                                                Interface Microsoft Wi-Fi Direct Virtual Adapter-WFP Native MAC Layer LightWeight Filter-0000:
                                                                Interface Microsoft Wi-Fi Direct Virtual Adapter-Native WiFi Filter Driver-0000:
                                                                Interface Microsoft Wi-Fi Direct Virtual Adapter-Npcap Packet Driver (NPCAP)-0000:
                                                                Interface Microsoft Wi-Fi Direct Virtual Adapter-VirtualBox NDIS Light-Weight Filter-0000:
                                                                Interface Microsoft Wi-Fi Direct Virtual Adapter-QoS Packet Scheduler-0000:
                                                                Interface Microsoft Wi-Fi Direct Virtual Adapter-WFP 802.3 MAC Layer LightWeight Filter-0000:
                                                                Interface Microsoft Wi-Fi Direct Virtual Adapter #2-WFP Native MAC Layer LightWeight Filter-0000:
                                                                Interface Microsoft Wi-Fi Direct Virtual Adapter #2-Native WiFi Filter Driver-0000:
                                                                Interface Microsoft Wi-Fi Direct Virtual Adapter #2-Npcap Packet Driver (NPCAP)-0000:
                                                                Interface Microsoft Wi-Fi Direct Virtual Adapter #2-VirtualBox NDIS Light-Weight Filter-0000:
                                                                Interface Microsoft Wi-Fi Direct Virtual Adapter #2-QoS Packet Scheduler-0000:
                                                                Interface Microsoft Wi-Fi Direct Virtual Adapter #2-WFP 802.3 MAC Layer LightWeight Filter-0000:
                                                                Interface Killer(R) Wi-Fi 6 AX1650x 160MHz Wireless Network Adapter (200NGW):
                                                                    address: fe80:0:0:0:2b3c:ac1f:7d59:b87a%wireless_32768
                                                                    address: 10.70.23.110
                                                                Interface Microsoft Wi-Fi Direct Virtual Adapter:
                                                                    address: fe80:0:0:0:4b72:cd0d:bfdc:7585%wireless_32769
                                                                Interface Microsoft Wi-Fi Direct Virtual Adapter #2:
                                                                    address: fe80:0:0:0:cd14:e344:36ae:4b53%wireless_32770
                                                                Interface Microsoft Teredo Tunneling Adapter:
                                                                Interface Microsoft IP-HTTPS Platform Adapter:
                                                                Interface Microsoft 6to4 Adapter:
                                                                Interface WAN Miniport (SSTP):
                                                                Interface WAN Miniport (IKEv2):
                                                                Interface WAN Miniport (L2TP):
                                                                Interface WAN Miniport (PPTP):
                                                                
                                                                --------------------------------------------------------------------------------
                                                                                         [ Native access information ]                          
                                                                --------------------------------------------------------------------------------
                                                                Native access details: Native access is not available for current platform.
                                                                
                                                                --------------------------------------------------------------------------------
                                                                                                [ DBMS config ]                                 
                                                                --------------------------------------------------------------------------------
                                                                DBMS provided settings:
                                                                db.tx_log.rotation.retention_policy=2 days 2G
                                                                dbms.security.allow_csv_import_from_file_urls=true
                                                                dbms.security.auth_enabled=true
                                                                dbms.security.procedures.unrestricted=apoc.*
                                                                server.bolt.enabled=true
                                                                server.directories.import=C:\Users\Jayprakash Damarla\Desktop\FlawFinder Latest\backend\neo4j-community-5.15.0\import
                                                                server.directories.neo4j_home=C:\Users\Jayprakash Damarla\Desktop\FlawFinder Latest\backend\neo4j-community-5.15.0
                                                                server.http.enabled=true
                                                                server.https.enabled=false
                                                                server.jvm.additional=-XX:+UseG1GC
-XX:-OmitStackTraceInFastThrow
-XX:+AlwaysPreTouch
-XX:+UnlockExperimentalVMOptions
-XX:+TrustFinalNonStaticFields
-XX:+DisableExplicitGC
-Djdk.nio.maxCachedBufferSize=1024
-Dio.netty.tryReflectionSetAccessible=true
-Djdk.tls.ephemeralDHKeySize=2048
-Djdk.tls.rejectClientInitiatedRenegotiation=true
-XX:FlightRecorderOptions=stackdepth=256
-XX:+UnlockDiagnosticVMOptions
-XX:+DebugNonSafepoints
--add-opens=java.base/java.nio=ALL-UNNAMED
--add-opens=java.base/java.io=ALL-UNNAMED
--add-opens=java.base/sun.nio.ch=ALL-UNNAMED
-Dlog4j2.disable.jmx=true
                                                                server.windows_service_name=neo4j
                                                                Directories in use:
                                                                server.directories.data=C:\Users\Jayprakash Damarla\Desktop\FlawFinder Latest\backend\neo4j-community-5.15.0\data
                                                                server.directories.dumps.root=C:\Users\Jayprakash Damarla\Desktop\FlawFinder Latest\backend\neo4j-community-5.15.0\data\dumps
                                                                server.directories.import=C:\Users\Jayprakash Damarla\Desktop\FlawFinder Latest\backend\neo4j-community-5.15.0\import
                                                                server.directories.lib=C:\Users\Jayprakash Damarla\Desktop\FlawFinder Latest\backend\neo4j-community-5.15.0\lib
                                                                server.directories.licenses=C:\Users\Jayprakash Damarla\Desktop\FlawFinder Latest\backend\neo4j-community-5.15.0\licenses
                                                                server.directories.logs=C:\Users\Jayprakash Damarla\Desktop\FlawFinder Latest\backend\neo4j-community-5.15.0\logs
                                                                server.directories.plugins=C:\Users\Jayprakash Damarla\Desktop\FlawFinder Latest\backend\neo4j-community-5.15.0\plugins
                                                                server.directories.run=C:\Users\Jayprakash Damarla\Desktop\FlawFinder Latest\backend\neo4j-community-5.15.0\run
                                                                server.directories.script.root=C:\Users\Jayprakash Damarla\Desktop\FlawFinder Latest\backend\neo4j-community-5.15.0\data\scripts
                                                                server.directories.transaction.logs.root=C:\Users\Jayprakash Damarla\Desktop\FlawFinder Latest\backend\neo4j-community-5.15.0\data\transactions
                                                                
                                                                --------------------------------------------------------------------------------
                                                                                                 [ Packaging ]                                  
                                                                --------------------------------------------------------------------------------
                                                                Edition: Community
                                                                Package Type: tar
                                                                
2025-09-11 18:41:36.715+0000 INFO  [o.n.d.i.DefaultIdentityModule] Found ServerId on disk: ServerId{64525a15} (64525a15-4a7c-4ace-a939-33f080781c95)
2025-09-11 18:41:36.716+0000 INFO  [o.n.d.i.DefaultIdentityModule] This instance is ServerId{64525a15} (64525a15-4a7c-4ace-a939-33f080781c95)
2025-09-11 18:41:37.620+0000 INFO  [o.n.s.CommunityNeoWebServer] ======== Neo4j 5.15.0 ========
2025-09-11 18:41:37.632+0000 INFO  [o.n.d.d.DatabaseLifecycles] Creating 'DatabaseId{00000000[system]}'.
2025-09-11 18:41:37.759+0000 INFO  [o.n.b.BoltServer] Using connector transport NIO
2025-09-11 18:41:37.838+0000 INFO  [o.n.b.BoltServer] Configured external Bolt connector with listener address localhost/127.0.0.1:7687
2025-09-11 18:41:37.838+0000 INFO  [o.n.b.BoltServer] Bolt server loaded
2025-09-11 18:41:37.853+0000 ERROR [o.n.g.f.DatabaseManagementServiceFactory] Error starting Neo4j database server at C:\Users\Jayprakash Damarla\Desktop\FlawFinder Latest\backend\neo4j-community-5.15.0\data\databases
org.neo4j.kernel.lifecycle.LifecycleException: Component 'org.neo4j.kernel.internal.locker.LockerLifecycleAdapter@323e8306' was successfully initialized, but failed to start. Please see the attached cause exception "Lock file has been locked by another process: C:\Users\Jayprakash Damarla\Desktop\FlawFinder Latest\backend\neo4j-community-5.15.0\data\databases\store_lock. Please ensure no other process is using this database, and that the directory is writable (required even for read-only access)".
	at org.neo4j.kernel.lifecycle.LifeSupport$LifecycleInstance.start(LifeSupport.java:364) ~[neo4j-common-5.15.0.jar:5.15.0]
	at org.neo4j.kernel.lifecycle.LifeSupport.start(LifeSupport.java:91) ~[neo4j-common-5.15.0.jar:5.15.0]
	at org.neo4j.graphdb.facade.DatabaseManagementServiceFactory.startDatabaseServer(DatabaseManagementServiceFactory.java:264) [neo4j-5.15.0.jar:5.15.0]
	at org.neo4j.graphdb.facade.DatabaseManagementServiceFactory.build(DatabaseManagementServiceFactory.java:209) [neo4j-5.15.0.jar:5.15.0]
	at org.neo4j.server.CommunityBootstrapper.createNeo(CommunityBootstrapper.java:38) [neo4j-5.15.0.jar:5.15.0]
	at org.neo4j.server.NeoBootstrapper.start(NeoBootstrapper.java:187) [neo4j-5.15.0.jar:5.15.0]
	at org.neo4j.server.NeoBootstrapper.start(NeoBootstrapper.java:99) [neo4j-5.15.0.jar:5.15.0]
	at org.neo4j.server.CommunityEntryPoint.main(CommunityEntryPoint.java:30) [neo4j-5.15.0.jar:5.15.0]
Caused by: org.neo4j.io.locker.FileLockException: Lock file has been locked by another process: C:\Users\Jayprakash Damarla\Desktop\FlawFinder Latest\backend\neo4j-community-5.15.0\data\databases\store_lock. Please ensure no other process is using this database, and that the directory is writable (required even for read-only access)
	at org.neo4j.io.locker.Locker.storeLockException(Locker.java:151) ~[neo4j-io-5.15.0.jar:5.15.0]
	at org.neo4j.io.locker.Locker.checkLock(Locker.java:82) ~[neo4j-io-5.15.0.jar:5.15.0]
	at org.neo4j.kernel.internal.locker.GlobalFileLocker.checkLock(GlobalFileLocker.java:55) ~[neo4j-kernel-5.15.0.jar:5.15.0]
	at org.neo4j.kernel.internal.locker.GlobalLocker.checkLock(GlobalLocker.java:28) ~[neo4j-kernel-5.15.0.jar:5.15.0]
	at org.neo4j.kernel.internal.locker.LockerLifecycleAdapter.start(LockerLifecycleAdapter.java:34) ~[neo4j-kernel-5.15.0.jar:5.15.0]
	at org.neo4j.kernel.lifecycle.LifeSupport$LifecycleInstance.start(LifeSupport.java:347) ~[neo4j-common-5.15.0.jar:5.15.0]
	... 7 more
2025-09-11 18:41:37.858+0000 INFO  [o.n.g.f.DatabaseManagementServiceFactory] Shutdown started
2025-09-11 18:41:37.859+0000 INFO  [o.n.b.BoltServer] Shutting down Bolt server
2025-09-11 18:41:37.859+0000 INFO  [o.n.b.p.c.c.ConnectionRegistry] Stopping 0 connections for connector bolt
2025-09-11 18:41:37.859+0000 INFO  [o.n.b.p.c.c.ConnectionRegistry] Stopped all remaining connections for connector bolt
2025-09-11 18:41:42.923+0000 INFO  [o.n.b.BoltServer] Bolt server has been shut down
2025-09-11 18:44:03.476+0000 INFO  [o.n.g.f.m.GlobalModule] Logging config in use: File 'C:\Users\Jayprakash Damarla\Desktop\FlawFinder Latest\backend\neo4j-community-5.15.0\conf\server-logs.xml'
2025-09-11 18:44:03.643+0000 WARN  [o.n.k.i.JvmChecker] You are using an unsupported version of the Java runtime. Please use Java(TM) 17 or Java(TM) 21 to run Neo4j.
2025-09-11 18:44:03.644+0000 WARN  [o.n.k.i.JvmChecker] The max heap memory has not been configured. It is recommended that it is always explicitly configured, to ensure the system has a balanced configuration. Until then, a JVM computed heuristic of 2105540608 bytes is used instead. If you are running neo4j server, you need to configure server.memory.heap.max_size in neo4j.conf. If you are running neo4j embedded, you have to launch the JVM with -Xmx set to a value. You can run neo4j-admin server memory-recommendation for memory configuration suggestions.
2025-09-11 18:44:03.644+0000 WARN  [o.n.k.i.JvmChecker] The initial heap memory has not been configured. It is recommended that it is always explicitly configured, to ensure the system has a balanced configuration. Until then, a JVM computed heuristic of 132120576 bytes is used instead. If you are running neo4j server, you need to configure server.memory.heap.initial_size in neo4j.conf. If you are running neo4j embedded, you have to launch the JVM with -Xms set to a value. You can run neo4j-admin server memory-recommendation for memory configuration suggestions.
2025-09-11 18:44:03.916+0000 WARN  [o.n.i.p.PageCache] The server.memory.pagecache.size setting has not been configured. It is recommended that this setting is always explicitly configured, to ensure the system has a balanced configuration. Until then, a computed heuristic value of 3156764672 bytes will be used instead. Run `neo4j-admin memory-recommendation` for memory configuration suggestions.
2025-09-11 18:44:04.125+0000 INFO  [o.n.i.d.DiagnosticsManager] 
                                                                ********************************************************************************
                                                                                             [ System diagnostics ]                             
                                                                ********************************************************************************
                                                                --------------------------------------------------------------------------------
                                                                                         [ System memory information ]                          
                                                                --------------------------------------------------------------------------------
                                                                Total Physical memory: 7.841GiB
                                                                Free Physical memory: 1.136GiB
                                                                Committed virtual memory: 242.1MiB
                                                                Total swap space: 16.61GiB
                                                                Free swap space: 1.988GiB
                                                                
                                                                --------------------------------------------------------------------------------
                                                                                           [ JVM memory information ]                           
                                                                --------------------------------------------------------------------------------
                                                                Free  memory: 51.27MiB
                                                                Total memory: 84.00MiB
                                                                Max   memory: 1.961GiB
                                                                Garbage Collector: G1 Young Generation: [G1 Eden Space, G1 Survivor Space, G1 Old Gen]
                                                                Garbage Collector: G1 Concurrent GC: [G1 Old Gen]
                                                                Garbage Collector: G1 Old Generation: [G1 Eden Space, G1 Survivor Space, G1 Old Gen]
                                                                Memory Pool: CodeHeap 'non-nmethods' (Non-heap memory): committed=2.438MiB, used=1.514MiB, max=5.563MiB, threshold=0B
                                                                Memory Pool: Metaspace (Non-heap memory): committed=23.06MiB, used=22.64MiB, max=-1B, threshold=0B
                                                                Memory Pool: CodeHeap 'profiled nmethods' (Non-heap memory): committed=4.813MiB, used=4.807MiB, max=117.2MiB, threshold=0B
                                                                Memory Pool: Compressed Class Space (Non-heap memory): committed=2.625MiB, used=2.462MiB, max=1.000GiB, threshold=0B
                                                                Memory Pool: G1 Eden Space (Heap memory): committed=47.00MiB, used=9.000MiB, max=-1B, threshold=?
                                                                Memory Pool: G1 Old Gen (Heap memory): committed=34.00MiB, used=21.48MiB, max=1.961GiB, threshold=0B
                                                                Memory Pool: G1 Survivor Space (Heap memory): committed=3.000MiB, used=2.250MiB, max=-1B, threshold=?
                                                                Memory Pool: CodeHeap 'non-profiled nmethods' (Non-heap memory): committed=2.438MiB, used=1.303MiB, max=117.3MiB, threshold=0B
                                                                
                                                                --------------------------------------------------------------------------------
                                                                                        [ Operating system information ]                        
                                                                --------------------------------------------------------------------------------
                                                                Operating System: Windows 11; version: 10.0; arch: amd64; cpus: 8
                                                                Process id: 12868
                                                                Byte order: LITTLE_ENDIAN
                                                                Local timezone: Asia/Calcutta
                                                                Memory page size: 4096
                                                                Unaligned memory access allowed: true
                                                                
                                                                --------------------------------------------------------------------------------
                                                                                              [ JVM information ]                               
                                                                --------------------------------------------------------------------------------
                                                                VM Name: Java HotSpot(TM) 64-Bit Server VM
                                                                VM Vendor: Oracle Corporation
                                                                VM Version: 23.0.2+7-58
                                                                JIT compiler: HotSpot 64-Bit Tiered Compilers
                                                                VM Arguments: [-XX:+UseG1GC, -XX:-OmitStackTraceInFastThrow, -XX:+AlwaysPreTouch, -XX:+UnlockExperimentalVMOptions, -XX:+TrustFinalNonStaticFields, -XX:+DisableExplicitGC, -Djdk.nio.maxCachedBufferSize=1024, -Dio.netty.tryReflectionSetAccessible=true, -Djdk.tls.ephemeralDHKeySize=2048, -Djdk.tls.rejectClientInitiatedRenegotiation=true, -XX:FlightRecorderOptions=stackdepth=256, -XX:+UnlockDiagnosticVMOptions, -XX:+DebugNonSafepoints, --add-opens=java.base/java.nio=ALL-UNNAMED, --add-opens=java.base/java.io=ALL-UNNAMED, --add-opens=java.base/sun.nio.ch=ALL-UNNAMED, -Dlog4j2.disable.jmx=true, -Dfile.encoding=UTF-8]
                                                                
                                                                --------------------------------------------------------------------------------
                                                                                               [ Java classpath ]                               
                                                                --------------------------------------------------------------------------------
                                                                 [classpath] C:\Users\Jayprakash Damarla\Desktop\FlawFinder Latest\backend\neo4j-community-5.15.0\lib\neo4j-unsafe-5.15.0.jar
                                                                 [classpath] C:\Users\Jayprakash Damarla\Desktop\FlawFinder Latest\backend\neo4j-community-5.15.0\lib\neo4j-cypher-interpreted-runtime-5.15.0.jar
                                                                 [classpath] C:\Users\Jayprakash Damarla\Desktop\FlawFinder Latest\backend\neo4j-community-5.15.0\lib\neo4j-layout-5.15.0.jar
                                                                 [classpath] C:\Users\Jayprakash Damarla\Desktop\FlawFinder Latest\backend\neo4j-community-5.15.0\lib\neo4j-native-5.15.0.jar
                                                                 [classpath] C:\Users\Jayprakash Damarla\Desktop\FlawFinder Latest\backend\neo4j-community-5.15.0\lib\neo4j-logging-5.15.0.jar
                                                                 [classpath] C:\Users\Jayprakash Damarla\Desktop\FlawFinder Latest\backend\neo4j-community-5.15.0\lib\neo4j-import-util-5.15.0.jar
                                                                 [classpath] C:\Users\Jayprakash Damarla\Desktop\FlawFinder Latest\backend\neo4j-community-5.15.0\lib\neo4j-cypher-cache-5.15.0.jar
                                                                 [classpath] C:\Users\Jayprakash Damarla\Desktop\FlawFinder Latest\backend\neo4j-community-5.15.0\lib\jakarta.activation-api-1.2.2.jar
                                                                 [classpath] C:\Users\Jayprakash Damarla\Desktop\FlawFinder Latest\backend\neo4j-community-5.15.0\lib\picocli-4.7.5.jar
                                                                 [classpath] C:\Users\Jayprakash Damarla\Desktop\FlawFinder Latest\backend\neo4j-community-5.15.0\lib\reactor-core-3.5.11.jar
                                                                 [classpath] C:\Users\Jayprakash Damarla\Desktop\FlawFinder Latest\backend\neo4j-community-5.15.0\lib\neo4j-kernel-5.15.0.jar
                                                                 [classpath] C:\Users\Jayprakash Damarla\Desktop\FlawFinder Latest\backend\neo4j-community-5.15.0\lib\jakarta.validation-api-2.0.2.jar
                                                                 [classpath] C:\Users\Jayprakash Damarla\Desktop\FlawFinder Latest\backend\neo4j-community-5.15.0\lib\shiro-lang-1.13.0.jar
                                                                 [classpath] C:\Users\Jayprakash Damarla\Desktop\FlawFinder Latest\backend\neo4j-community-5.15.0\lib\neo4j-graph-algo-5.15.0.jar
                                                                 [classpath] C:\Users\Jayprakash Damarla\Desktop\FlawFinder Latest\backend\neo4j-community-5.15.0\lib\eclipse-collections-api-11.1.0.jar
                                                                 [classpath] C:\Users\Jayprakash Damarla\Desktop\FlawFinder Latest\backend\neo4j-community-5.15.0\lib\FastInfoset-1.2.16.jar
                                                                 [classpath] C:\Users\Jayprakash Damarla\Desktop\FlawFinder Latest\backend\neo4j-community-5.15.0\lib\jersey-client-2.34.jar
                                                                 [classpath] C:\Users\Jayprakash Damarla\Desktop\FlawFinder Latest\backend\neo4j-community-5.15.0\lib\neo4j-wal-5.15.0.jar
                                                                 [classpath] C:\Users\Jayprakash Damarla\Desktop\FlawFinder Latest\backend\neo4j-community-5.15.0\lib\log4j-core-2.20.0.jar
                                                                 [classpath] C:\Users\Jayprakash Damarla\Desktop\FlawFinder Latest\backend\neo4j-community-5.15.0\lib\jetty-servlet-api-4.0.6.jar
                                                                 [classpath] C:\Users\Jayprakash Damarla\Desktop\FlawFinder Latest\backend\neo4j-community-5.15.0\lib\netty-transport-native-kqueue-4.1.100.Final-osx-x86_64.jar
                                                                 [classpath] C:\Users\Jayprakash Damarla\Desktop\FlawFinder Latest\backend\neo4j-community-5.15.0\lib\neo4j-common-5.15.0.jar
                                                                 [classpath] C:\Users\Jayprakash Damarla\Desktop\FlawFinder Latest\backend\neo4j-community-5.15.0\lib\neo4j-token-api-5.15.0.jar
                                                                 [classpath] C:\Users\Jayprakash Damarla\Desktop\FlawFinder Latest\backend\neo4j-community-5.15.0\lib\jetty-util-10.0.17.jar
                                                                 [classpath] C:\Users\Jayprakash Damarla\Desktop\FlawFinder Latest\backend\neo4j-community-5.15.0\lib\argparse4j-0.9.0.jar
                                                                 [classpath] C:\Users\Jayprakash Damarla\Desktop\FlawFinder Latest\backend\neo4j-community-5.15.0\plugins\*
                                                                 [classpath] C:\Users\Jayprakash Damarla\Desktop\FlawFinder Latest\backend\neo4j-community-5.15.0\lib\jline-terminal-3.21.0.jar
                                                                 [classpath] C:\Users\Jayprakash Damarla\Desktop\FlawFinder Latest\backend\neo4j-community-5.15.0\lib\neo4j-schema-5.15.0.jar
                                                                 [classpath] C:\Users\Jayprakash Damarla\Desktop\FlawFinder Latest\backend\neo4j-community-5.15.0\lib\netty-transport-native-unix-common-4.1.100.Final.jar
                                                                 [classpath] C:\Users\Jayprakash Damarla\Desktop\FlawFinder Latest\backend\neo4j-community-5.15.0\lib\reactive-streams-1.0.4.jar
                                                                 [classpath] C:\Users\Jayprakash Damarla\Desktop\FlawFinder Latest\backend\neo4j-community-5.15.0\lib\neo4j-cypher-dsl-2023.8.0.jar
                                                                 [classpath] C:\Users\Jayprakash Damarla\Desktop\FlawFinder Latest\backend\neo4j-community-5.15.0\lib\jersey-hk2-2.34.jar
                                                                 [classpath] C:\Users\Jayprakash Damarla\Desktop\FlawFinder Latest\backend\neo4j-community-5.15.0\lib\jetty-server-10.0.17.jar
                                                                 [classpath] C:\Users\Jayprakash Damarla\Desktop\FlawFinder Latest\backend\neo4j-community-5.15.0\lib\neo4j-id-generator-5.15.0.jar
                                                                 [classpath] C:\Users\Jayprakash Damarla\Desktop\FlawFinder Latest\backend\neo4j-community-5.15.0\lib\neo4j-cypher-slotted-runtime-5.15.0.jar
                                                                 [classpath] C:\Users\Jayprakash Damarla\Desktop\FlawFinder Latest\backend\neo4j-community-5.15.0\lib\jackson-jaxrs-json-provider-2.15.2.jar
                                                                 [classpath] C:\Users\Jayprakash Damarla\Desktop\FlawFinder Latest\backend\neo4j-community-5.15.0\lib\neo4j-consistency-check-5.15.0.jar
                                                                 [classpath] C:\Users\Jayprakash Damarla\Desktop\FlawFinder Latest\backend\neo4j-community-5.15.0\lib\annotations-5.15.0.jar
                                                                 [classpath] C:\Users\Jayprakash Damarla\Desktop\FlawFinder Latest\backend\neo4j-community-5.15.0\lib\neo4j-5.15.0.jar
                                                                 [classpath] C:\Users\Jayprakash Damarla\Desktop\FlawFinder Latest\backend\neo4j-community-5.15.0\lib\neo4j-data-collector-5.15.0.jar
                                                                 [classpath] C:\Users\Jayprakash Damarla\Desktop\FlawFinder Latest\backend\neo4j-community-5.15.0\lib\neo4j-command-line-5.15.0.jar
                                                                 [classpath] C:\Users\Jayprakash Damarla\Desktop\FlawFinder Latest\backend\neo4j-community-5.15.0\lib\netty-tcnative-classes-2.0.61.Final.jar
                                                                 [classpath] C:\Users\Jayprakash Damarla\Desktop\FlawFinder Latest\backend\neo4j-community-5.15.0\lib\neo4j-ssl-5.15.0.jar
                                                                 [classpath] C:\Users\Jayprakash Damarla\Desktop\FlawFinder Latest\backend\neo4j-community-5.15.0\lib\neo4j-security-5.15.0.jar
                                                                 [classpath] C:\Users\Jayprakash Damarla\Desktop\FlawFinder Latest\backend\neo4j-community-5.15.0\lib\commons-lang3-3.13.0.jar
                                                                 [classpath] C:\Users\Jayprakash Damarla\Desktop\FlawFinder Latest\backend\neo4j-community-5.15.0\lib\netty-transport-native-epoll-4.1.100.Final-linux-aarch_64.jar
                                                                 [classpath] C:\Users\Jayprakash Damarla\Desktop\FlawFinder Latest\backend\neo4j-community-5.15.0\lib\neo4j-bolt-5.15.0.jar
                                                                 [classpath] C:\Users\Jayprakash Damarla\Desktop\FlawFinder Latest\backend\neo4j-community-5.15.0\lib\jPowerShell-3.0.jar
                                                                 [classpath] C:\Users\Jayprakash Damarla\Desktop\FlawFinder Latest\backend\neo4j-community-5.15.0\lib\hk2-api-2.6.1.jar
                                                                 [classpath] C:\Users\Jayprakash Damarla\Desktop\FlawFinder Latest\backend\neo4j-community-5.15.0\lib\neo4j-concurrent-5.15.0.jar
                                                                 [classpath] C:\Users\Jayprakash Damarla\Desktop\FlawFinder Latest\backend\neo4j-community-5.15.0\lib\neo4j-procedure-5.15.0.jar
                                                                 [classpath] C:\Users\Jayprakash Damarla\Desktop\FlawFinder Latest\backend\neo4j-community-5.15.0\lib\neo4j-util-5.15.0.jar
                                                                 [classpath] C:\Users\Jayprakash Damarla\Desktop\FlawFinder Latest\backend\neo4j-community-5.15.0\lib\netty-transport-classes-kqueue-4.1.100.Final.jar
                                                                 [classpath] C:\Users\Jayprakash Damarla\Desktop\FlawFinder Latest\backend\neo4j-community-5.15.0\lib\neo4j-configuration-5.15.0.jar
                                                                 [classpath] C:\Users\Jayprakash Damarla\Desktop\FlawFinder Latest\backend\neo4j-community-5.15.0\lib\netty-transport-4.1.100.Final.jar
                                                                 [classpath] C:\Users\Jayprakash Damarla\Desktop\FlawFinder Latest\backend\neo4j-community-5.15.0\lib\neo4j-query-router-5.15.0.jar
                                                                 [classpath] C:\Users\Jayprakash Damarla\Desktop\FlawFinder Latest\backend\neo4j-community-5.15.0\lib\neo4j-cypher-ast-factory-5.15.0.jar
                                                                 [classpath] C:\Users\Jayprakash Damarla\Desktop\FlawFinder Latest\backend\neo4j-community-5.15.0\lib\shiro-cache-1.13.0.jar
                                                                 [classpath] C:\Users\Jayprakash Damarla\Desktop\FlawFinder Latest\backend\neo4j-community-5.15.0\lib\neo4j-cypher-logical-plans-5.15.0.jar
                                                                 [classpath] C:\Users\Jayprakash Damarla\Desktop\FlawFinder Latest\backend\neo4j-community-5.15.0\lib\commons-compress-1.24.0.jar
                                                                 [classpath] C:\Users\Jayprakash Damarla\Desktop\FlawFinder Latest\backend\neo4j-community-5.15.0\lib\kiama_2.13-2.5.1.jar
                                                                 [classpath] C:\Users\Jayprakash Damarla\Desktop\FlawFinder Latest\backend\neo4j-community-5.15.0\lib\netty-codec-http-4.1.100.Final.jar
                                                                 [classpath] C:\Users\Jayprakash Damarla\Desktop\FlawFinder Latest\backend\neo4j-community-5.15.0\lib\zstd-jni-1.5.5-10.jar
                                                                 [classpath] C:\Users\Jayprakash Damarla\Desktop\FlawFinder Latest\backend\neo4j-community-5.15.0\lib\slf4j-api-2.0.9.jar
                                                                 [classpath] C:\Users\Jayprakash Damarla\Desktop\FlawFinder Latest\backend\neo4j-community-5.15.0\lib\neo4j-codegen-5.15.0.jar
                                                                 [classpath] C:\Users\Jayprakash Damarla\Desktop\FlawFinder Latest\backend\neo4j-community-5.15.0\lib\neo4j-graphdb-api-5.15.0.jar
                                                                 [classpath] C:\Users\Jayprakash Damarla\Desktop\FlawFinder Latest\backend\neo4j-community-5.15.0\lib\shiro-crypto-core-1.13.0.jar
                                                                 [classpath] C:\Users\Jayprakash Damarla\Desktop\FlawFinder Latest\backend\neo4j-community-5.15.0\lib\neo4j-java-driver-5.15.0.jar
                                                                 [classpath] C:\Users\Jayprakash Damarla\Desktop\FlawFinder Latest\backend\neo4j-community-5.15.0\lib\txw2-2.3.2.jar
                                                                 [classpath] C:\Users\Jayprakash Damarla\Desktop\FlawFinder Latest\backend\neo4j-community-5.15.0\lib\neo4j-diagnostics-5.15.0.jar
                                                                 [classpath] C:\Users\Jayprakash Damarla\Desktop\FlawFinder Latest\backend\neo4j-community-5.15.0\lib\neo4j-record-storage-engine-5.15.0.jar
                                                                 [classpath] C:\Users\Jayprakash Damarla\Desktop\FlawFinder Latest\backend\neo4j-community-5.15.0\lib\commons-configuration2-2.9.0.jar
                                                                 [classpath] C:\Users\Jayprakash Damarla\Desktop\FlawFinder Latest\backend\neo4j-community-5.15.0\lib\neo4j-rewriting-5.15.0.jar
                                                                 [classpath] C:\Users\Jayprakash Damarla\Desktop\FlawFinder Latest\backend\neo4j-community-5.15.0\lib\javassist-3.25.0-GA.jar
                                                                 [classpath] C:\Users\Jayprakash Damarla\Desktop\FlawFinder Latest\backend\neo4j-community-5.15.0\lib\cypher-shell-5.15.0.jar
                                                                 [classpath] C:\Users\Jayprakash Damarla\Desktop\FlawFinder Latest\backend\neo4j-community-5.15.0\lib\jetty-http-10.0.17.jar
                                                                 [classpath] C:\Users\Jayprakash Damarla\Desktop\FlawFinder Latest\backend\neo4j-community-5.15.0\lib\neo4j-cypher-planner-5.15.0.jar
                                                                 [classpath] C:\Users\Jayprakash Damarla\Desktop\FlawFinder Latest\backend\neo4j-community-5.15.0\lib\server-api-5.15.0.jar
                                                                 [classpath] C:\Users\Jayprakash Damarla\Desktop\FlawFinder Latest\backend\neo4j-community-5.15.0\lib\jakarta.ws.rs-api-2.1.6.jar
                                                                 [classpath] C:\Users\Jayprakash Damarla\Desktop\FlawFinder Latest\backend\neo4j-community-5.15.0\lib\shiro-crypto-hash-1.13.0.jar
                                                                 [classpath] C:\Users\Jayprakash Damarla\Desktop\FlawFinder Latest\backend\neo4j-community-5.15.0\lib\scala-collection-contrib_2.13-0.3.0.jar
                                                                 [classpath] C:\Users\Jayprakash Damarla\Desktop\FlawFinder Latest\backend\neo4j-community-5.15.0\lib\netty-transport-classes-epoll-4.1.100.Final.jar
                                                                 [classpath] C:\Users\Jayprakash Damarla\Desktop\FlawFinder Latest\backend\neo4j-community-5.15.0\lib\netty-transport-native-epoll-4.1.100.Final-linux-x86_64.jar
                                                                 [classpath] C:\Users\Jayprakash Damarla\Desktop\FlawFinder Latest\backend\neo4j-community-5.15.0\lib\neo4j-front-end-5.15.0.jar
                                                                 [classpath] C:\Users\Jayprakash Damarla\Desktop\FlawFinder Latest\backend\neo4j-community-5.15.0\lib\zstd-proxy-5.15.0.jar
                                                                 [classpath] C:\Users\Jayprakash Damarla\Desktop\FlawFinder Latest\backend\neo4j-community-5.15.0\lib\jetty-webapp-10.0.17.jar
                                                                 [classpath] C:\Users\Jayprakash Damarla\Desktop\FlawFinder Latest\backend\neo4j-community-5.15.0\lib\jna-5.13.0.jar
                                                                 [classpath] C:\Users\Jayprakash Damarla\Desktop\FlawFinder Latest\backend\neo4j-community-5.15.0\lib\commons-logging-1.2.jar
                                                                 [classpath] C:\Users\Jayprakash Damarla\Desktop\FlawFinder Latest\backend\neo4j-community-5.15.0\lib\jProcesses-1.6.5.jar
                                                                 [classpath] C:\Users\Jayprakash Damarla\Desktop\FlawFinder Latest\backend\neo4j-community-5.15.0\lib\WMI4Java-1.6.3.jar
                                                                 [classpath] C:\Users\Jayprakash Damarla\Desktop\FlawFinder Latest\backend\neo4j-community-5.15.0\lib\netty-handler-4.1.100.Final.jar
                                                                 [classpath] C:\Users\Jayprakash Damarla\Desktop\FlawFinder Latest\backend\neo4j-community-5.15.0\lib\lucene-queryparser-9.8.0.jar
                                                                 [classpath] C:\Users\Jayprakash Damarla\Desktop\FlawFinder Latest\backend\neo4j-community-5.15.0\lib\neo4j-cypher-javacc-parser-5.15.0.jar
                                                                 [classpath] C:\Users\Jayprakash Damarla\Desktop\FlawFinder Latest\backend\neo4j-community-5.15.0\lib\ipaddress-5.4.0.jar
                                                                 [classpath] C:\Users\Jayprakash Damarla\Desktop\FlawFinder Latest\backend\neo4j-community-5.15.0\lib\neo4j-kernel-api-5.15.0.jar
                                                                 [classpath] C:\Users\Jayprakash Damarla\Desktop\FlawFinder Latest\backend\neo4j-community-5.15.0\lib\neo4j-bootcheck-5.15.0.jar
                                                                 [classpath] C:\Users\Jayprakash Damarla\Desktop\FlawFinder Latest\backend\neo4j-community-5.15.0\lib\jline-reader-3.21.0.jar
                                                                 [classpath] C:\Users\Jayprakash Damarla\Desktop\FlawFinder Latest\backend\neo4j-community-5.15.0\lib\scala-reflect-2.13.11.jar
                                                                 [classpath] C:\Users\Jayprakash Damarla\Desktop\FlawFinder Latest\backend\neo4j-community-5.15.0\lib\shiro-core-1.13.0.jar
                                                                 [classpath] C:\Users\Jayprakash Damarla\Desktop\FlawFinder Latest\backend\neo4j-community-5.15.0\lib\neo4j-lucene-index-5.15.0.jar
                                                                 [classpath] C:\Users\Jayprakash Damarla\Desktop\FlawFinder Latest\backend\neo4j-community-5.15.0\lib\neo4j-io-5.15.0.jar
                                                                 [classpath] C:\Users\Jayprakash Damarla\Desktop\FlawFinder Latest\backend\neo4j-community-5.15.0\lib\hk2-locator-2.6.1.jar
                                                                 [classpath] C:\Users\Jayprakash Damarla\Desktop\FlawFinder Latest\backend\neo4j-community-5.15.0\lib\lucene-backward-codecs-9.8.0.jar
                                                                 [classpath] C:\Users\Jayprakash Damarla\Desktop\FlawFinder Latest\backend\neo4j-community-5.15.0\lib\neo4j-procedure-api-5.15.0.jar
                                                                 [classpath] C:\Users\Jayprakash Damarla\Desktop\FlawFinder Latest\backend\neo4j-community-5.15.0\lib\neo4j-expressions-5.15.0.jar
                                                                 [classpath] C:\Users\Jayprakash Damarla\Desktop\FlawFinder Latest\backend\neo4j-community-5.15.0\lib\jersey-common-2.34.jar
                                                                 [classpath] C:\Users\Jayprakash Damarla\Desktop\FlawFinder Latest\backend\neo4j-community-5.15.0\lib\cypher-ast-factory-5.15.0.jar
                                                                 [classpath] C:\Users\Jayprakash Damarla\Desktop\FlawFinder Latest\backend\neo4j-community-5.15.0\lib\neo4j-spatial-index-5.15.0.jar
                                                                 [classpath] C:\Users\Jayprakash Damarla\Desktop\FlawFinder Latest\backend\neo4j-community-5.15.0\lib\jakarta.inject-2.6.1.jar
                                                                 [classpath] C:\Users\Jayprakash Damarla\Desktop\FlawFinder Latest\backend\neo4j-community-5.15.0\lib\jetty-io-10.0.17.jar
                                                                 [classpath] C:\Users\Jayprakash Damarla\Desktop\FlawFinder Latest\backend\neo4j-community-5.15.0\lib\jakarta.xml.bind-api-2.3.2.jar
                                                                 [classpath] C:\Users\Jayprakash Damarla\Desktop\FlawFinder Latest\backend\neo4j-community-5.15.0\lib\neo4j-cypher-physical-planning-5.15.0.jar
                                                                 [classpath] C:\Users\Jayprakash Damarla\Desktop\FlawFinder Latest\backend\neo4j-community-5.15.0\lib\neo4j-csv-5.15.0.jar
                                                                 [classpath] C:\Users\Jayprakash Damarla\Desktop\FlawFinder Latest\backend\neo4j-community-5.15.0\lib\magnolia_2.13-0.17.0.jar
                                                                 [classpath] C:\Users\Jayprakash Damarla\Desktop\FlawFinder Latest\backend\neo4j-community-5.15.0\lib\netty-resolver-4.1.100.Final.jar
                                                                 [classpath] C:\Users\Jayprakash Damarla\Desktop\FlawFinder Latest\backend\neo4j-community-5.15.0\lib\neo4j-ast-5.15.0.jar
                                                                 [classpath] C:\Users\Jayprakash Damarla\Desktop\FlawFinder Latest\backend\neo4j-community-5.15.0\lib\neo4j-cypher-ir-5.15.0.jar
                                                                 [classpath] C:\Users\Jayprakash Damarla\Desktop\FlawFinder Latest\backend\neo4j-community-5.15.0\lib\jline-terminal-jansi-3.21.0.jar
                                                                 [classpath] C:\Users\Jayprakash Damarla\Desktop\FlawFinder Latest\backend\neo4j-community-5.15.0\lib\netty-buffer-4.1.100.Final.jar
                                                                 [classpath] C:\Users\Jayprakash Damarla\Desktop\FlawFinder Latest\backend\neo4j-community-5.15.0\lib\jansi-2.4.0.jar
                                                                 [classpath] C:\Users\Jayprakash Damarla\Desktop\FlawFinder Latest\backend\neo4j-community-5.15.0\lib\neo4j-dbms-5.15.0.jar
                                                                 [classpath] C:\Users\Jayprakash Damarla\Desktop\FlawFinder Latest\backend\neo4j-community-5.15.0\lib\neo4j-collections-5.15.0.jar
                                                                 [classpath] C:\Users\Jayprakash Damarla\Desktop\FlawFinder Latest\backend\neo4j-community-5.15.0\lib\netty-transport-native-kqueue-4.1.100.Final-osx-aarch_64.jar
                                                                 [classpath] C:\Users\Jayprakash Damarla\Desktop\FlawFinder Latest\backend\neo4j-community-5.15.0\lib\jackson-databind-2.15.2.jar
                                                                 [classpath] C:\Users\Jayprakash Damarla\Desktop\FlawFinder Latest\backend\neo4j-community-5.15.0\lib\neo4j-push-to-cloud-5.15.0.jar
                                                                 [classpath] C:\Users\Jayprakash Damarla\Desktop\FlawFinder Latest\backend\neo4j-community-5.15.0\lib\neo4j-browser-5.12.0.jar
                                                                 [classpath] C:\Users\Jayprakash Damarla\Desktop\FlawFinder Latest\backend\neo4j-community-5.15.0\lib\netty-codec-4.1.100.Final.jar
                                                                 [classpath] C:\Users\Jayprakash Damarla\Desktop\FlawFinder Latest\backend\neo4j-community-5.15.0\lib\neo4j-cypher-runtime-util-5.15.0.jar
                                                                 [classpath] C:\Users\Jayprakash Damarla\Desktop\FlawFinder Latest\backend\neo4j-community-5.15.0\lib\neo4j-lock-5.15.0.jar
                                                                 [classpath] C:\Users\Jayprakash Damarla\Desktop\FlawFinder Latest\backend\neo4j-community-5.15.0\lib\jetty-xml-10.0.17.jar
                                                                 [classpath] C:\Users\Jayprakash Damarla\Desktop\FlawFinder Latest\backend\neo4j-community-5.15.0\lib\neo4j-fulltext-index-5.15.0.jar
                                                                 [classpath] C:\Users\Jayprakash Damarla\Desktop\FlawFinder Latest\backend\neo4j-community-5.15.0\lib\jakarta.annotation-api-1.3.5.jar
                                                                 [classpath] C:\Users\Jayprakash Damarla\Desktop\FlawFinder Latest\backend\neo4j-community-5.15.0\lib\lucene-core-9.8.0.jar
                                                                 [classpath] C:\Users\Jayprakash Damarla\Desktop\FlawFinder Latest\backend\neo4j-community-5.15.0\lib\jersey-container-servlet-core-2.34.jar
                                                                 [classpath] C:\Users\Jayprakash Damarla\Desktop\FlawFinder Latest\backend\neo4j-community-5.15.0\lib\jaxb-runtime-2.3.2.jar
                                                                 [classpath] C:\Users\Jayprakash Damarla\Desktop\FlawFinder Latest\backend\neo4j-community-5.15.0\lib\istack-commons-runtime-3.0.8.jar
                                                                 [classpath] C:\Users\Jayprakash Damarla\Desktop\FlawFinder Latest\backend\neo4j-community-5.15.0\lib\caffeine-3.1.8.jar
                                                                 [classpath] C:\Users\Jayprakash Damarla\Desktop\FlawFinder Latest\backend\neo4j-community-5.15.0\lib\neo4j-fabric-5.15.0.jar
                                                                 [classpath] C:\Users\Jayprakash Damarla\Desktop\FlawFinder Latest\backend\neo4j-community-5.15.0\lib\shiro-event-1.13.0.jar
                                                                 [classpath] C:\Users\Jayprakash Damarla\Desktop\FlawFinder Latest\backend\neo4j-community-5.15.0\lib\commons-text-1.11.0.jar
                                                                 [classpath] C:\Users\Jayprakash Damarla\Desktop\FlawFinder Latest\backend\neo4j-community-5.15.0\lib\neo4j-slf4j-provider-5.15.0.jar
                                                                 [classpath] C:\Users\Jayprakash Damarla\Desktop\FlawFinder Latest\backend\neo4j-community-5.15.0\lib\lucene-analysis-common-9.8.0.jar
                                                                 [classpath] C:\Users\Jayprakash Damarla\Desktop\FlawFinder Latest\backend\neo4j-community-5.15.0\lib\jersey-server-2.34.jar
                                                                 [classpath] C:\Users\Jayprakash Damarla\Desktop\FlawFinder Latest\backend\neo4j-community-5.15.0\lib\eclipse-collections-11.1.0.jar
                                                                 [classpath] C:\Users\Jayprakash Damarla\Desktop\FlawFinder Latest\backend\neo4j-community-5.15.0\lib\jetty-security-10.0.17.jar
                                                                 [classpath] C:\Users\Jayprakash Damarla\Desktop\FlawFinder Latest\backend\neo4j-community-5.15.0\lib\cypher-literal-interpreter-5.15.0.jar
                                                                 [classpath] C:\Users\Jayprakash Damarla\Desktop\FlawFinder Latest\backend\neo4j-community-5.15.0\lib\stax-ex-1.8.1.jar
                                                                 [classpath] C:\Users\Jayprakash Damarla\Desktop\FlawFinder Latest\backend\neo4j-community-5.15.0\lib\neo4j-values-5.15.0.jar
                                                                 [classpath] C:\Users\Jayprakash Damarla\Desktop\FlawFinder Latest\backend\neo4j-community-5.15.0\lib\log4j-api-2.20.0.jar
                                                                 [classpath] C:\Users\Jayprakash Damarla\Desktop\FlawFinder Latest\backend\neo4j-community-5.15.0\lib\jettison-1.5.4.jar
                                                                 [classpath] C:\Users\Jayprakash Damarla\Desktop\FlawFinder Latest\backend\neo4j-community-5.15.0\lib\neo4j-index-5.15.0.jar
                                                                 [classpath] C:\Users\Jayprakash Damarla\Desktop\FlawFinder Latest\backend\neo4j-community-5.15.0\lib\neo4j-server-5.15.0.jar
                                                                 [classpath] C:\Users\Jayprakash Damarla\Desktop\FlawFinder Latest\backend\neo4j-community-5.15.0\lib\neo4j-storage-engine-util-5.15.0.jar
                                                                 [classpath] C:\Users\Jayprakash Damarla\Desktop\FlawFinder Latest\backend\neo4j-community-5.15.0\lib\neo4j-cypher-macros-5.15.0.jar
                                                                 [classpath] C:\Users\Jayprakash Damarla\Desktop\FlawFinder Latest\backend\neo4j-community-5.15.0\lib\jackson-core-2.15.2.jar
                                                                 [classpath] C:\Users\Jayprakash Damarla\Desktop\FlawFinder Latest\backend\neo4j-community-5.15.0\lib\neo4j-resource-5.15.0.jar
                                                                 [classpath] C:\Users\Jayprakash Damarla\Desktop\FlawFinder Latest\backend\neo4j-community-5.15.0\lib\neo4j-cypher-5.15.0.jar
                                                                 [classpath] C:\Users\Jayprakash Damarla\Desktop\FlawFinder Latest\backend\neo4j-community-5.15.0\lib\hk2-utils-2.6.1.jar
                                                                 [classpath] C:\Users\Jayprakash Damarla\Desktop\FlawFinder Latest\backend\neo4j-community-5.15.0\lib\neo4j-capabilities-5.15.0.jar
                                                                 [classpath] C:\Users\Jayprakash Damarla\Desktop\FlawFinder Latest\backend\neo4j-community-5.15.0\lib\neo4j-monitoring-5.15.0.jar
                                                                 [classpath] C:\Users\Jayprakash Damarla\Desktop\FlawFinder Latest\backend\neo4j-community-5.15.0\lib\jackson-module-jaxb-annotations-2.15.2.jar
                                                                 [classpath] C:\Users\Jayprakash Damarla\Desktop\FlawFinder Latest\backend\neo4j-community-5.15.0\lib\shiro-config-core-1.13.0.jar
                                                                 [classpath] C:\Users\Jayprakash Damarla\Desktop\FlawFinder Latest\backend\neo4j-community-5.15.0\lib\neo4j-import-tool-5.15.0.jar
                                                                 [classpath] C:\Users\Jayprakash Damarla\Desktop\FlawFinder Latest\backend\neo4j-community-5.15.0\lib\log4j-layout-template-json-2.20.0.jar
                                                                 [classpath] C:\Users\Jayprakash Damarla\Desktop\FlawFinder Latest\backend\neo4j-community-5.15.0\lib\neo4j-cypher-planner-spi-5.15.0.jar
                                                                 [classpath] C:\Users\Jayprakash Damarla\Desktop\FlawFinder Latest\backend\neo4j-community-5.15.0\lib\neo4j-exceptions-5.15.0.jar
                                                                 [classpath] C:\Users\Jayprakash Damarla\Desktop\FlawFinder Latest\backend\neo4j-community-5.15.0\lib\shiro-crypto-cipher-1.13.0.jar
                                                                 [classpath] C:\Users\Jayprakash Damarla\Desktop\FlawFinder Latest\backend\neo4j-community-5.15.0\lib\jackson-jaxrs-base-2.15.2.jar
                                                                 [classpath] C:\Users\Jayprakash Damarla\Desktop\FlawFinder Latest\backend\neo4j-community-5.15.0\lib\jackson-annotations-2.15.2.jar
                                                                 [classpath] C:\Users\Jayprakash Damarla\Desktop\FlawFinder Latest\backend\neo4j-community-5.15.0\lib\scala-library-2.13.11.jar
                                                                 [classpath] C:\Users\Jayprakash Damarla\Desktop\FlawFinder Latest\backend\neo4j-community-5.15.0\lib\neo4j-cypher-config-5.15.0.jar
                                                                 [classpath] C:\Users\Jayprakash Damarla\Desktop\FlawFinder Latest\backend\neo4j-community-5.15.0\lib\mercator_2.13-0.2.1.jar
                                                                 [classpath] C:\Users\Jayprakash Damarla\Desktop\FlawFinder Latest\backend\neo4j-community-5.15.0\lib\jetty-servlet-10.0.17.jar
                                                                 [classpath] C:\Users\Jayprakash Damarla\Desktop\FlawFinder Latest\backend\neo4j-community-5.15.0\conf\*
                                                                 [classpath] C:\Users\Jayprakash Damarla\Desktop\FlawFinder Latest\backend\neo4j-community-5.15.0\lib\netty-common-4.1.100.Final.jar
                                                                 [classpath] C:\Users\Jayprakash Damarla\Desktop\FlawFinder Latest\backend\neo4j-community-5.15.0\lib\jctools-core-4.0.1.jar
                                                                 [classpath] C:\Users\Jayprakash Damarla\Desktop\FlawFinder Latest\backend\neo4j-community-5.15.0\lib\neo4j-cypher-expression-evaluator-5.15.0.jar
                                                                 [classpath] C:\Users\Jayprakash Damarla\Desktop\FlawFinder Latest\backend\neo4j-community-5.15.0\lib\commons-io-2.15.0.jar
                                                                 [classpath] C:\Users\Jayprakash Damarla\Desktop\FlawFinder Latest\backend\neo4j-community-5.15.0\lib\jersey-container-servlet-2.34.jar
                                                                
                                                                --------------------------------------------------------------------------------
                                                                                                [ Library path ]                                
                                                                --------------------------------------------------------------------------------
                                                                C:\Program Files\Java\jdk-23\bin
                                                                C:\WINDOWS\Sun\Java\bin
                                                                C:\Windows\System32
                                                                C:\Windows
                                                                C:\Program Files\Common Files\Oracle\Java\javapath_target_343154843
                                                                C:\Windows\System32
                                                                C:\Windows
                                                                C:\Windows\System32\wbem
                                                                C:\Windows\System32\WindowsPowerShell\v1.0
                                                                C:\Windows\System32\OpenSSH
                                                                C:\Program Files (x86)\NVIDIA Corporation\PhysX\Common
                                                                C:\Windows\System32
                                                                C:\Windows
                                                                C:\Windows\System32\wbem
                                                                C:\Windows\System32\WindowsPowerShell\v1.0
                                                                C:\Windows\System32\OpenSSH
                                                                C:\Program Files\NVIDIA Corporation\NVIDIA app\NvDLISR
                                                                C:\Program Files\dotnet
                                                                C:\Program Files\nodejs
                                                                C:\GnuWin32\bin
                                                                C:\Program Files\CodeBlocks\MinGW\bin
                                                                C:\Users\Jayprakash Damarla\AppData\Local\Programs\Python\Python311
                                                                C:\Users\Jayprakash Damarla\AppData\Local\Programs\Python\Python311\Scripts
                                                                C:\Users\Jayprakash Damarla\AppData\Local\Programs\Python\Python311
                                                                C:\Program Files\Git\cmd
                                                                C:\Program Files\Git\bin
                                                                C:\Program Files\MongoDB\Server\8.0\bin
                                                                C:\Users\Jayprakash Damarla\AppData\Local\Programs\Python\Python38
                                                                C:\Users\Jayprakash Damarla\AppData\Local\Programs\Python\Python38\Scripts
                                                                C:\Users\Jayprakash Damarla\Desktop\FlawFinder Latest\backend\neo4j-community-5.15.0
                                                                C:\ProgramData\chocolatey\bin
                                                                C:\Program Files\Cloudflare\Cloudflare WARP
                                                                C:\Users\Jayprakash Damarla\AppData\Local\Programs\Python\Python38\Scripts
                                                                C:\Users\Jayprakash Damarla\AppData\Local\Programs\Python\Python38
                                                                C:\Users\Jayprakash Damarla\AppData\Local\Programs\Python\Python313\Scripts
                                                                C:\Users\Jayprakash Damarla\AppData\Local\Programs\Python\Python313
                                                                C:\Program Files\MySQL\MySQL Shell 8.0\bin
                                                                C:\Users\Jayprakash Damarla\AppData\Local\Microsoft\WindowsApps
                                                                C:\Users\Jayprakash Damarla\AppData\Local\Programs\Microsoft VS Code\bin
                                                                C:\Users\Jayprakash Damarla\AppData\Roaming\npm
                                                                C:\Program Files\Java\jdk-23\bin
                                                                C:\Users\Jayprakash Damarla\Desktop\FlawFinder Latest\backend\neo4j-community-5.15.0
                                                                C:\Users\Jayprakash Damarla\AppData\Local\Programs\Ollama
                                                                C:\Program Files (x86)\Nmap
                                                                C:\Users\Jayprakash Damarla\AppData\Local\Programs\cursor\resources\app\bin
                                                                C:\Users\Jayprakash Damarla\AppData\Roaming\Code\User\globalStorage\github.copilot-chat\debugCommand
                                                                C:\Users\Jayprakash Damarla\.vscode\extensions\ms-python.debugpy-2025.10.0-win32-x64\bundled\scripts\noConfigScripts
                                                                C:\Users\Jayprakash Damarla\Desktop\FlawFinder Latest\backend\neo4j-community-5.15.0
                                                                
                                                                --------------------------------------------------------------------------------
                                                                                             [ System properties ]                              
                                                                --------------------------------------------------------------------------------
                                                                jdk.tls.rejectClientInitiatedRenegotiation = true
                                                                sun.cpu.isalist = amd64
                                                                sun.jnu.encoding = Cp1252
                                                                sun.arch.data.model = 64
                                                                user.variant = 
                                                                user.timezone = Asia/Calcutta
                                                                sun.java.launcher = SUN_STANDARD
                                                                user.country = IN
                                                                sun.boot.library.path = C:\Program Files\Java\jdk-23\bin
                                                                sun.java.command = org.neo4j.server.CommunityEntryPoint --home-dir=C:\Users\Jayprakash Damarla\Desktop\FlawFinder Latest\backend\neo4j-community-5.15.0 --config-dir=C:\Users\Jayprakash Damarla\Desktop\FlawFinder Latest\backend\neo4j-community-5.15.0\conf --console-mode
                                                                jdk.debug = release
                                                                io.netty.tryReflectionSetAccessible = true
                                                                sun.cpu.endian = little
                                                                user.home = C:\Users\Jayprakash Damarla
                                                                user.language = en
                                                                file.separator = \
                                                                jdk.tls.ephemeralDHKeySize = 2048
                                                                user.script = 
                                                                sun.management.compiler = HotSpot 64-Bit Tiered Compilers
                                                                user.name = Jayprakash Damarla
                                                                stdout.encoding = cp437
                                                                jdk.nio.maxCachedBufferSize = 1024
                                                                path.separator = ;
                                                                file.encoding = UTF-8
                                                                jnidispatch.path = C:\Users\JAYPRA~1\AppData\Local\Temp\jna--1802102338\jna5286479226589847845.dll
                                                                jna.loaded = true
                                                                user.dir = C:\Users\Jayprakash Damarla\Desktop\FlawFinder Latest\backend\neo4j-community-5.15.0
                                                                sun.os.patch.level = 
                                                                native.encoding = Cp1252
                                                                stderr.encoding = cp437
                                                                sun.io.unicode.encoding = UnicodeLittle
                                                                log4j2.disable.jmx = true
                                                                
                                                                --------------------------------------------------------------------------------
                                                                                      [ (IANA) TimeZone database version ]                      
                                                                --------------------------------------------------------------------------------
                                                                  TimeZone version: 2024b (available for 603 zone identifiers)
                                                                
                                                                --------------------------------------------------------------------------------
                                                                                            [ Network information ]                             
                                                                --------------------------------------------------------------------------------
                                                                Interface VirtualBox Host-Only Ethernet Adapter-WFP Native MAC Layer LightWeight Filter-0000:
                                                                Interface VirtualBox Host-Only Ethernet Adapter-Npcap Packet Driver (NPCAP)-0000:
                                                                Interface VirtualBox Host-Only Ethernet Adapter-QoS Packet Scheduler-0000:
                                                                Interface VirtualBox Host-Only Ethernet Adapter-WFP 802.3 MAC Layer LightWeight Filter-0000:
                                                                Interface Killer E2500 Gigabit Ethernet Controller-WFP Native MAC Layer LightWeight Filter-0000:
                                                                Interface Killer E2500 Gigabit Ethernet Controller-Npcap Packet Driver (NPCAP)-0000:
                                                                Interface Killer E2500 Gigabit Ethernet Controller-VirtualBox NDIS Light-Weight Filter-0000:
                                                                Interface Killer E2500 Gigabit Ethernet Controller-QoS Packet Scheduler-0000:
                                                                Interface Killer E2500 Gigabit Ethernet Controller-WFP 802.3 MAC Layer LightWeight Filter-0000:
                                                                Interface WAN Miniport (IP)-WFP Native MAC Layer LightWeight Filter-0000:
                                                                Interface WAN Miniport (IP)-Npcap Packet Driver (NPCAP)-0000:
                                                                Interface WAN Miniport (IP)-QoS Packet Scheduler-0000:
                                                                Interface WAN Miniport (IPv6)-WFP Native MAC Layer LightWeight Filter-0000:
                                                                Interface WAN Miniport (IPv6)-Npcap Packet Driver (NPCAP)-0000:
                                                                Interface WAN Miniport (IPv6)-QoS Packet Scheduler-0000:
                                                                Interface WAN Miniport (Network Monitor)-WFP Native MAC Layer LightWeight Filter-0000:
                                                                Interface WAN Miniport (Network Monitor)-Npcap Packet Driver (NPCAP)-0000:
                                                                Interface WAN Miniport (Network Monitor)-QoS Packet Scheduler-0000:
                                                                Interface Bluetooth Device (Personal Area Network)-Npcap Packet Driver (NPCAP)-0000:
                                                                Interface Killer E2500 Gigabit Ethernet Controller:
                                                                    address: fe80:0:0:0:7b87:7a78:8272:7f61%ethernet_32768
                                                                Interface Microsoft Kernel Debug Network Adapter:
                                                                Interface WAN Miniport (IP):
                                                                Interface WAN Miniport (IPv6):
                                                                Interface WAN Miniport (Network Monitor):
                                                                Interface Bluetooth Device (Personal Area Network):
                                                                    address: fe80:0:0:0:bebc:b6c5:21dd:df83%ethernet_32773
                                                                Interface VirtualBox Host-Only Ethernet Adapter:
                                                                    address: fe80:0:0:0:a316:cb35:9f97:6787%ethernet_32774
                                                                    address: 192.168.56.1
                                                                Interface WAN Miniport (PPPOE):
                                                                Interface Software Loopback Interface 1:
                                                                    address: 0:0:0:0:0:0:0:1
                                                                    address: 127.0.0.1
                                                                Interface Cloudflare WARP Interface Tunnel-Npcap Packet Driver (NPCAP)-0000:
                                                                Interface Cloudflare WARP Interface Tunnel:
                                                                    address: fe80:0:0:0:892e:6dba:e176:68e4%iftype53_32768
                                                                    address: 2606:4700:110:800a:9041:2dd4:aaf1:a629
                                                                    address: 172.16.0.2
                                                                Interface Killer(R) Wi-Fi 6 AX1650x 160MHz Wireless Network Adapter (200NGW)-WFP Native MAC Layer LightWeight Filter-0000:
                                                                Interface Killer(R) Wi-Fi 6 AX1650x 160MHz Wireless Network Adapter (200NGW)-Virtual WiFi Filter Driver-0000:
                                                                Interface Killer(R) Wi-Fi 6 AX1650x 160MHz Wireless Network Adapter (200NGW)-Native WiFi Filter Driver-0000:
                                                                Interface Killer(R) Wi-Fi 6 AX1650x 160MHz Wireless Network Adapter (200NGW)-Npcap Packet Driver (NPCAP)-0000:
                                                                Interface Killer(R) Wi-Fi 6 AX1650x 160MHz Wireless Network Adapter (200NGW)-VirtualBox NDIS Light-Weight Filter-0000:
                                                                Interface Killer(R) Wi-Fi 6 AX1650x 160MHz Wireless Network Adapter (200NGW)-QoS Packet Scheduler-0000:
                                                                Interface Killer(R) Wi-Fi 6 AX1650x 160MHz Wireless Network Adapter (200NGW)-WFP 802.3 MAC Layer LightWeight Filter-0000:
                                                                Interface Microsoft Wi-Fi Direct Virtual Adapter-WFP Native MAC Layer LightWeight Filter-0000:
                                                                Interface Microsoft Wi-Fi Direct Virtual Adapter-Native WiFi Filter Driver-0000:
                                                                Interface Microsoft Wi-Fi Direct Virtual Adapter-Npcap Packet Driver (NPCAP)-0000:
                                                                Interface Microsoft Wi-Fi Direct Virtual Adapter-VirtualBox NDIS Light-Weight Filter-0000:
                                                                Interface Microsoft Wi-Fi Direct Virtual Adapter-QoS Packet Scheduler-0000:
                                                                Interface Microsoft Wi-Fi Direct Virtual Adapter-WFP 802.3 MAC Layer LightWeight Filter-0000:
                                                                Interface Microsoft Wi-Fi Direct Virtual Adapter #2-WFP Native MAC Layer LightWeight Filter-0000:
                                                                Interface Microsoft Wi-Fi Direct Virtual Adapter #2-Native WiFi Filter Driver-0000:
                                                                Interface Microsoft Wi-Fi Direct Virtual Adapter #2-Npcap Packet Driver (NPCAP)-0000:
                                                                Interface Microsoft Wi-Fi Direct Virtual Adapter #2-VirtualBox NDIS Light-Weight Filter-0000:
                                                                Interface Microsoft Wi-Fi Direct Virtual Adapter #2-QoS Packet Scheduler-0000:
                                                                Interface Microsoft Wi-Fi Direct Virtual Adapter #2-WFP 802.3 MAC Layer LightWeight Filter-0000:
                                                                Interface Killer(R) Wi-Fi 6 AX1650x 160MHz Wireless Network Adapter (200NGW):
                                                                    address: fe80:0:0:0:2b3c:ac1f:7d59:b87a%wireless_32768
                                                                    address: 10.70.23.110
                                                                Interface Microsoft Wi-Fi Direct Virtual Adapter:
                                                                    address: fe80:0:0:0:4b72:cd0d:bfdc:7585%wireless_32769
                                                                Interface Microsoft Wi-Fi Direct Virtual Adapter #2:
                                                                    address: fe80:0:0:0:cd14:e344:36ae:4b53%wireless_32770
                                                                Interface Microsoft Teredo Tunneling Adapter:
                                                                Interface Microsoft IP-HTTPS Platform Adapter:
                                                                Interface Microsoft 6to4 Adapter:
                                                                Interface WAN Miniport (SSTP):
                                                                Interface WAN Miniport (IKEv2):
                                                                Interface WAN Miniport (L2TP):
                                                                Interface WAN Miniport (PPTP):
                                                                
                                                                --------------------------------------------------------------------------------
                                                                                         [ Native access information ]                          
                                                                --------------------------------------------------------------------------------
                                                                Native access details: Native access is not available for current platform.
                                                                
                                                                --------------------------------------------------------------------------------
                                                                                                [ DBMS config ]                                 
                                                                --------------------------------------------------------------------------------
                                                                DBMS provided settings:
                                                                db.tx_log.rotation.retention_policy=2 days 2G
                                                                dbms.security.allow_csv_import_from_file_urls=true
                                                                dbms.security.auth_enabled=true
                                                                dbms.security.procedures.unrestricted=apoc.*
                                                                server.bolt.enabled=true
                                                                server.directories.import=C:\Users\Jayprakash Damarla\Desktop\FlawFinder Latest\backend\neo4j-community-5.15.0\import
                                                                server.directories.neo4j_home=C:\Users\Jayprakash Damarla\Desktop\FlawFinder Latest\backend\neo4j-community-5.15.0
                                                                server.http.enabled=true
                                                                server.https.enabled=false
                                                                server.jvm.additional=-XX:+UseG1GC
-XX:-OmitStackTraceInFastThrow
-XX:+AlwaysPreTouch
-XX:+UnlockExperimentalVMOptions
-XX:+TrustFinalNonStaticFields
-XX:+DisableExplicitGC
-Djdk.nio.maxCachedBufferSize=1024
-Dio.netty.tryReflectionSetAccessible=true
-Djdk.tls.ephemeralDHKeySize=2048
-Djdk.tls.rejectClientInitiatedRenegotiation=true
-XX:FlightRecorderOptions=stackdepth=256
-XX:+UnlockDiagnosticVMOptions
-XX:+DebugNonSafepoints
--add-opens=java.base/java.nio=ALL-UNNAMED
--add-opens=java.base/java.io=ALL-UNNAMED
--add-opens=java.base/sun.nio.ch=ALL-UNNAMED
-Dlog4j2.disable.jmx=true
                                                                server.windows_service_name=neo4j
                                                                Directories in use:
                                                                server.directories.data=C:\Users\Jayprakash Damarla\Desktop\FlawFinder Latest\backend\neo4j-community-5.15.0\data
                                                                server.directories.dumps.root=C:\Users\Jayprakash Damarla\Desktop\FlawFinder Latest\backend\neo4j-community-5.15.0\data\dumps
                                                                server.directories.import=C:\Users\Jayprakash Damarla\Desktop\FlawFinder Latest\backend\neo4j-community-5.15.0\import
                                                                server.directories.lib=C:\Users\Jayprakash Damarla\Desktop\FlawFinder Latest\backend\neo4j-community-5.15.0\lib
                                                                server.directories.licenses=C:\Users\Jayprakash Damarla\Desktop\FlawFinder Latest\backend\neo4j-community-5.15.0\licenses
                                                                server.directories.logs=C:\Users\Jayprakash Damarla\Desktop\FlawFinder Latest\backend\neo4j-community-5.15.0\logs
                                                                server.directories.plugins=C:\Users\Jayprakash Damarla\Desktop\FlawFinder Latest\backend\neo4j-community-5.15.0\plugins
                                                                server.directories.run=C:\Users\Jayprakash Damarla\Desktop\FlawFinder Latest\backend\neo4j-community-5.15.0\run
                                                                server.directories.script.root=C:\Users\Jayprakash Damarla\Desktop\FlawFinder Latest\backend\neo4j-community-5.15.0\data\scripts
                                                                server.directories.transaction.logs.root=C:\Users\Jayprakash Damarla\Desktop\FlawFinder Latest\backend\neo4j-community-5.15.0\data\transactions
                                                                
                                                                --------------------------------------------------------------------------------
                                                                                                 [ Packaging ]                                  
                                                                --------------------------------------------------------------------------------
                                                                Edition: Community
                                                                Package Type: tar
                                                                
2025-09-11 18:44:04.157+0000 INFO  [o.n.d.i.DefaultIdentityModule] Found ServerId on disk: ServerId{64525a15} (64525a15-4a7c-4ace-a939-33f080781c95)
2025-09-11 18:44:04.158+0000 INFO  [o.n.d.i.DefaultIdentityModule] This instance is ServerId{64525a15} (64525a15-4a7c-4ace-a939-33f080781c95)
2025-09-11 18:44:04.953+0000 INFO  [o.n.s.CommunityNeoWebServer] ======== Neo4j 5.15.0 ========
2025-09-11 18:44:04.963+0000 INFO  [o.n.d.d.DatabaseLifecycles] Creating 'DatabaseId{00000000[system]}'.
2025-09-11 18:44:05.080+0000 INFO  [o.n.b.BoltServer] Using connector transport NIO
2025-09-11 18:44:05.155+0000 INFO  [o.n.b.BoltServer] Configured external Bolt connector with listener address localhost/127.0.0.1:7687
2025-09-11 18:44:05.155+0000 INFO  [o.n.b.BoltServer] Bolt server loaded
2025-09-11 18:44:05.175+0000 INFO  [o.n.d.d.DatabaseLifecycles] Starting 'DatabaseId{00000000[system]}'.
2025-09-11 18:44:05.442+0000 INFO  [o.n.k.i.t.l.f.c.CheckpointLogFile] [system/00000000] Scanning log file with version 0 for checkpoint entries
2025-09-11 18:44:05.488+0000 INFO  [o.n.k.i.s.f.RecordFormatSelector] [system/00000000] Selected RecordFormat:PageAlignedV5_0[aligned-1.1] record format from store C:\Users\Jayprakash Damarla\Desktop\FlawFinder Latest\backend\neo4j-community-5.15.0\data\databases\system
2025-09-11 18:44:05.488+0000 INFO  [o.n.k.i.s.f.RecordFormatSelector] [system/00000000] Selected format from the store files: RecordFormat:PageAlignedV5_0[aligned-1.1]
2025-09-11 18:44:05.962+0000 INFO  [o.n.i.d.DiagnosticsManager] [system/00000000] 
                                                                [system/00000000] ********************************************************************************
                                                                [system/00000000]                               [ Database: system ]                              
                                                                [system/00000000] ********************************************************************************
                                                                [system/00000000] --------------------------------------------------------------------------------
                                                                [system/00000000]                                   [ Version ]                                   
                                                                [system/00000000] --------------------------------------------------------------------------------
                                                                [system/00000000] DBMS: community record-aligned-1.1
                                                                [system/00000000] Kernel version: 5.15.0
                                                                [system/00000000] 
                                                                [system/00000000] --------------------------------------------------------------------------------
                                                                [system/00000000]                                 [ Store files ]                                 
                                                                [system/00000000] --------------------------------------------------------------------------------
                                                                [system/00000000] Disk space on partition (Total / Free / Free %): 254855344128 / 24187244544 / 9
                                                                [system/00000000] Storage files stored on file store: NTFS
                                                                [system/00000000] Storage files: (filename : modification date - size)
                                                                [system/00000000]   database_lock: 2025-09-11 18:19:19.436+0000 - 0B
                                                                [system/00000000]   id-buffer.tmp.0: 2025-09-11 18:21:33.324+0000 - 0B
                                                                [system/00000000]   neostore: 2025-09-11 18:19:19.225+0000 - 8.000KiB
                                                                [system/00000000]   neostore.counts.db: 2025-09-11 18:44:05.786+0000 - 48.00KiB
                                                                [system/00000000]   neostore.indexstats.db: 2025-09-11 18:44:05.812+0000 - 48.00KiB
                                                                [system/00000000]   neostore.labeltokenstore.db: 2025-09-11 18:20:50.398+0000 - 8.000KiB
                                                                [system/00000000]   neostore.labeltokenstore.db.id: 2025-09-11 18:44:05.740+0000 - 40.00KiB
                                                                [system/00000000]   neostore.labeltokenstore.db.names: 2025-09-11 18:20:50.395+0000 - 8.000KiB
                                                                [system/00000000]   neostore.labeltokenstore.db.names.id: 2025-09-11 18:44:05.733+0000 - 40.00KiB
                                                                [system/00000000]   neostore.nodestore.db: 2025-09-11 18:20:50.395+0000 - 8.000KiB
                                                                [system/00000000]   neostore.nodestore.db.id: 2025-09-11 18:44:05.680+0000 - 40.00KiB
                                                                [system/00000000]   neostore.nodestore.db.labels: 2025-09-11 18:19:19.157+0000 - 8.000KiB
                                                                [system/00000000]   neostore.nodestore.db.labels.id: 2025-09-11 18:44:05.663+0000 - 40.00KiB
                                                                [system/00000000]   neostore.propertystore.db: 2025-09-11 18:20:50.396+0000 - 8.000KiB
                                                                [system/00000000]   neostore.propertystore.db.arrays: 2025-09-11 18:19:19.182+0000 - 8.000KiB
                                                                [system/00000000]   neostore.propertystore.db.arrays.id: 2025-09-11 18:44:05.705+0000 - 40.00KiB
                                                                [system/00000000]   neostore.propertystore.db.id: 2025-09-11 18:44:05.711+0000 - 40.00KiB
                                                                [system/00000000]   neostore.propertystore.db.index: 2025-09-11 18:20:50.393+0000 - 8.000KiB
                                                                [system/00000000]   neostore.propertystore.db.index.id: 2025-09-11 18:44:05.696+0000 - 40.00KiB
                                                                [system/00000000]   neostore.propertystore.db.index.keys: 2025-09-11 18:20:50.397+0000 - 8.000KiB
                                                                [system/00000000]   neostore.propertystore.db.index.keys.id: 2025-09-11 18:44:05.687+0000 - 40.00KiB
                                                                [system/00000000]   neostore.propertystore.db.strings: 2025-09-11 18:20:50.391+0000 - 8.000KiB
                                                                [system/00000000]   neostore.propertystore.db.strings.id: 2025-09-11 18:44:05.700+0000 - 40.00KiB
                                                                [system/00000000]   neostore.relationshipgroupstore.db: 2025-09-11 18:19:19.217+0000 - 8.000KiB
                                                                [system/00000000]   neostore.relationshipgroupstore.db.id: 2025-09-11 18:44:05.752+0000 - 40.00KiB
                                                                [system/00000000]   neostore.relationshipgroupstore.degrees.db: 2025-09-11 18:44:05.801+0000 - 40.00KiB
                                                                [system/00000000]   neostore.relationshipstore.db: 2025-09-11 18:20:50.392+0000 - 8.000KiB
                                                                [system/00000000]   neostore.relationshipstore.db.id: 2025-09-11 18:44:05.716+0000 - 40.00KiB
                                                                [system/00000000]   neostore.relationshiptypestore.db: 2025-09-11 18:20:50.399+0000 - 8.000KiB
                                                                [system/00000000]   neostore.relationshiptypestore.db.id: 2025-09-11 18:44:05.728+0000 - 40.00KiB
                                                                [system/00000000]   neostore.relationshiptypestore.db.names: 2025-09-11 18:20:50.393+0000 - 8.000KiB
                                                                [system/00000000]   neostore.relationshiptypestore.db.names.id: 2025-09-11 18:44:05.722+0000 - 40.00KiB
                                                                [system/00000000]   neostore.schemastore.db: 2025-09-11 18:20:50.397+0000 - 8.000KiB
                                                                [system/00000000]   neostore.schemastore.db.id: 2025-09-11 18:44:05.746+0000 - 40.00KiB
                                                                [system/00000000]   schema:
                                                                [system/00000000]     index:
                                                                [system/00000000]       range-1.0:
                                                                [system/00000000]         3:
                                                                [system/00000000]           index-3: 2025-09-11 18:21:33.296+0000 - 48.00KiB
                                                                [system/00000000]         - Total: 2025-09-11 18:19:20.196+0000 - 48.00KiB
                                                                [system/00000000]         4:
                                                                [system/00000000]           index-4: 2025-09-11 18:21:33.305+0000 - 48.00KiB
                                                                [system/00000000]         - Total: 2025-09-11 18:19:20.252+0000 - 48.00KiB
                                                                [system/00000000]         7:
                                                                [system/00000000]           index-7: 2025-09-11 18:21:33.309+0000 - 48.00KiB
                                                                [system/00000000]         - Total: 2025-09-11 18:19:20.490+0000 - 48.00KiB
                                                                [system/00000000]         8:
                                                                [system/00000000]           index-8: 2025-09-11 18:21:33.315+0000 - 48.00KiB
                                                                [system/00000000]         - Total: 2025-09-11 18:19:20.543+0000 - 48.00KiB
                                                                [system/00000000]       - Total: 2025-09-11 18:19:20.542+0000 - 192.0KiB
                                                                [system/00000000]       token-lookup-1.0:
                                                                [system/00000000]         1:
                                                                [system/00000000]           index-1: 2025-09-11 18:21:33.267+0000 - 48.00KiB
                                                                [system/00000000]         - Total: 2025-09-11 18:19:19.920+0000 - 48.00KiB
                                                                [system/00000000]         2:
                                                                [system/00000000]           index-2: 2025-09-11 18:21:33.275+0000 - 48.00KiB
                                                                [system/00000000]         - Total: 2025-09-11 18:19:19.968+0000 - 48.00KiB
                                                                [system/00000000]       - Total: 2025-09-11 18:19:19.968+0000 - 96.00KiB
                                                                [system/00000000]     - Total: 2025-09-11 18:19:20.195+0000 - 288.0KiB
                                                                [system/00000000]   - Total: 2025-09-11 18:19:19.916+0000 - 288.0KiB
                                                                [system/00000000] Storage summary: 
                                                                [system/00000000]   Total size of store: 1.078MiB
                                                                [system/00000000]   Total size of mapped files: 408.0KiB
                                                                [system/00000000] 
                                                                [system/00000000] --------------------------------------------------------------------------------
                                                                [system/00000000]                               [ Transaction log ]                               
                                                                [system/00000000] --------------------------------------------------------------------------------
                                                                [system/00000000] Transaction log files stored on file store: NTFS
                                                                [system/00000000] Transaction log metadata:
                                                                [system/00000000]  - current kernel version used in transactions: V5_15
                                                                [system/00000000]  - last committed transaction id: 37
                                                                [system/00000000] Transaction log files:
                                                                [system/00000000]  - existing transaction log versions: 0-0
                                                                [system/00000000]  - oldest transaction 2 found in log with version 0
                                                                [system/00000000]  - files: (filename : creation date - size)
                                                                [system/00000000]      neostore.transaction.db.0: 2025-09-11 18:19:19.455+0000 - 19.26KiB
                                                                [system/00000000]  - total size of files: 19.26KiB
                                                                [system/00000000] Checkpoint log files:
                                                                [system/00000000]  - existing checkpoint log versions: 0-0
                                                                [system/00000000]  - last checkpoint: CheckpointInfo[transactionLogPosition=LogPosition{logVersion=0, byteOffset=19725}, storeId=StoreId{creationTime=1757614759223, random=-6160318474181028182, storageEngineName='record', formatName='aligned', majorVersion=1, minorVersion=1}, checkpointEntryPosition=LogPosition{logVersion=0, byteOffset=360}, channelPositionAfterCheckpoint=LogPosition{logVersion=0, byteOffset=592}, checkpointFilePostReadPosition=LogPosition{logVersion=0, byteOffset=592}, kernelVersion=KernelVersion{V5_15,version=14}, kernelVersionByte=14, transactionId=TransactionId[transactionId=37, checksum=604132523, commitTimestamp=1757614760613, consensusIndex=-1], reason=Checkpoint triggered by "Database shutdown" @ txId: 37]
                                                                [system/00000000] 
                                                                [system/00000000] --------------------------------------------------------------------------------
                                                                [system/00000000]                                   [ Id usage ]                                  
                                                                [system/00000000] --------------------------------------------------------------------------------
                                                                [system/00000000] ArrayPropertyStore[neostore.nodestore.db.labels]: used=1 high=0
                                                                [system/00000000] NodeStore[neostore.nodestore.db]: used=6 high=5
                                                                [system/00000000] StringPropertyStore[neostore.propertystore.db.index.keys]: used=44 high=43
                                                                [system/00000000] PropertyIndexStore[neostore.propertystore.db.index]: used=31 high=30
                                                                [system/00000000] StringPropertyStore[neostore.propertystore.db.strings]: used=3 high=2
                                                                [system/00000000] ArrayPropertyStore[neostore.propertystore.db.arrays]: used=1 high=0
                                                                [system/00000000] PropertyStore[neostore.propertystore.db]: used=59 high=58
                                                                [system/00000000] RelationshipStore[neostore.relationshipstore.db]: used=2 high=1
                                                                [system/00000000] StringPropertyStore[neostore.relationshiptypestore.db.names]: used=2 high=1
                                                                [system/00000000] RelationshipTypeStore[neostore.relationshiptypestore.db]: used=1 high=0
                                                                [system/00000000] StringPropertyStore[neostore.labeltokenstore.db.names]: used=5 high=4
                                                                [system/00000000] LabelTokenStore[neostore.labeltokenstore.db]: used=4 high=3
                                                                [system/00000000] SchemaStore[neostore.schemastore.db]: used=11 high=10
                                                                [system/00000000] RelationshipGroupStore[neostore.relationshipgroupstore.db]: used=1 high=0
                                                                [system/00000000] NeoStore[neostore]: used=-1 high=-1
                                                                [system/00000000] 
                                                                [system/00000000] --------------------------------------------------------------------------------
                                                                [system/00000000]                                   [ Metadata ]                                  
                                                                [system/00000000] --------------------------------------------------------------------------------
                                                                [system/00000000] EXTERNAL_STORE_UUID (Database identifier exposed as external store identity. Generated on creation and never updated): 5ec207ee-210d-44cd-b896-5abcb21465ae
                                                                [system/00000000] DATABASE_ID (The last used DatabaseId for this database): null
                                                                [system/00000000] LEGACY_STORE_VERSION (Legacy store format version. This field is used from 5.0 onwards only to distinguish non-migrated pre 5.0 metadata stores.): -3523014627327384477
                                                                [system/00000000] STORE_ID (Store ID): StoreId{creationTime=1757614759223, random=-6160318474181028182, storageEngineName='record', formatName='aligned', majorVersion=1, minorVersion=1}
                                                                [system/00000000] 
2025-09-11 18:44:06.168+0000 INFO  [o.n.k.i.i.s.TokenIndexProvider] [system/00000000] Schema index cleanup job registered: descriptor=Index( id=1, name='index_343aff4e', type='LOOKUP', schema=(:<any-labels>), indexProvider='token-lookup-1.0' ), indexFile=C:\Users\Jayprakash Damarla\Desktop\FlawFinder Latest\backend\neo4j-community-5.15.0\data\databases\system\schema\index\token-lookup-1.0\1\index-1
2025-09-11 18:44:06.170+0000 INFO  [o.n.k.i.i.s.TokenIndexProvider] [system/00000000] Schema index cleanup job started: descriptor=Index( id=1, name='index_343aff4e', type='LOOKUP', schema=(:<any-labels>), indexProvider='token-lookup-1.0' ), indexFile=C:\Users\Jayprakash Damarla\Desktop\FlawFinder Latest\backend\neo4j-community-5.15.0\data\databases\system\schema\index\token-lookup-1.0\1\index-1
2025-09-11 18:44:06.177+0000 INFO  [o.n.k.i.i.s.TokenIndexProvider] [system/00000000] Schema index cleanup job finished: descriptor=Index( id=1, name='index_343aff4e', type='LOOKUP', schema=(:<any-labels>), indexProvider='token-lookup-1.0' ), indexFile=C:\Users\Jayprakash Damarla\Desktop\FlawFinder Latest\backend\neo4j-community-5.15.0\data\databases\system\schema\index\token-lookup-1.0\1\index-1 Number of pages visited: 3, Number of tree nodes: 2, Number of cleaned crashed pointers: 0, Time spent: 1ms
2025-09-11 18:44:06.178+0000 INFO  [o.n.k.i.i.s.TokenIndexProvider] [system/00000000] Schema index cleanup job closed: descriptor=Index( id=1, name='index_343aff4e', type='LOOKUP', schema=(:<any-labels>), indexProvider='token-lookup-1.0' ), indexFile=C:\Users\Jayprakash Damarla\Desktop\FlawFinder Latest\backend\neo4j-community-5.15.0\data\databases\system\schema\index\token-lookup-1.0\1\index-1
2025-09-11 18:44:06.183+0000 INFO  [o.n.k.i.i.s.TokenIndexProvider] [system/00000000] Schema index cleanup job registered: descriptor=Index( id=2, name='index_f7700477', type='LOOKUP', schema=()-[:<any-types>]-(), indexProvider='token-lookup-1.0' ), indexFile=C:\Users\Jayprakash Damarla\Desktop\FlawFinder Latest\backend\neo4j-community-5.15.0\data\databases\system\schema\index\token-lookup-1.0\2\index-2
2025-09-11 18:44:06.184+0000 INFO  [o.n.k.i.i.s.TokenIndexProvider] [system/00000000] Schema index cleanup job started: descriptor=Index( id=2, name='index_f7700477', type='LOOKUP', schema=()-[:<any-types>]-(), indexProvider='token-lookup-1.0' ), indexFile=C:\Users\Jayprakash Damarla\Desktop\FlawFinder Latest\backend\neo4j-community-5.15.0\data\databases\system\schema\index\token-lookup-1.0\2\index-2
2025-09-11 18:44:06.184+0000 INFO  [o.n.k.i.i.s.TokenIndexProvider] [system/00000000] Schema index cleanup job finished: descriptor=Index( id=2, name='index_f7700477', type='LOOKUP', schema=()-[:<any-types>]-(), indexProvider='token-lookup-1.0' ), indexFile=C:\Users\Jayprakash Damarla\Desktop\FlawFinder Latest\backend\neo4j-community-5.15.0\data\databases\system\schema\index\token-lookup-1.0\2\index-2 Number of pages visited: 3, Number of tree nodes: 2, Number of cleaned crashed pointers: 0, Time spent: 0ms
2025-09-11 18:44:06.184+0000 INFO  [o.n.k.i.i.s.TokenIndexProvider] [system/00000000] Schema index cleanup job closed: descriptor=Index( id=2, name='index_f7700477', type='LOOKUP', schema=()-[:<any-types>]-(), indexProvider='token-lookup-1.0' ), indexFile=C:\Users\Jayprakash Damarla\Desktop\FlawFinder Latest\backend\neo4j-community-5.15.0\data\databases\system\schema\index\token-lookup-1.0\2\index-2
2025-09-11 18:44:06.205+0000 INFO  [o.n.k.i.i.s.RangeIndexProvider] [system/00000000] Schema index cleanup job registered: descriptor=Index( id=3, name='constraint_798238d6', type='RANGE', schema=(:Label[1] {PropertyKey[11], PropertyKey[12]}), indexProvider='range-1.0', owningConstraint=5 ), indexFile=C:\Users\Jayprakash Damarla\Desktop\FlawFinder Latest\backend\neo4j-community-5.15.0\data\databases\system\schema\index\range-1.0\3\index-3
2025-09-11 18:44:06.205+0000 INFO  [o.n.k.i.i.s.RangeIndexProvider] [system/00000000] Schema index cleanup job started: descriptor=Index( id=3, name='constraint_798238d6', type='RANGE', schema=(:Label[1] {PropertyKey[11], PropertyKey[12]}), indexProvider='range-1.0', owningConstraint=5 ), indexFile=C:\Users\Jayprakash Damarla\Desktop\FlawFinder Latest\backend\neo4j-community-5.15.0\data\databases\system\schema\index\range-1.0\3\index-3
2025-09-11 18:44:06.206+0000 INFO  [o.n.k.i.i.s.RangeIndexProvider] [system/00000000] Schema index cleanup job finished: descriptor=Index( id=3, name='constraint_798238d6', type='RANGE', schema=(:Label[1] {PropertyKey[11], PropertyKey[12]}), indexProvider='range-1.0', owningConstraint=5 ), indexFile=C:\Users\Jayprakash Damarla\Desktop\FlawFinder Latest\backend\neo4j-community-5.15.0\data\databases\system\schema\index\range-1.0\3\index-3 Number of pages visited: 3, Number of tree nodes: 2, Number of cleaned crashed pointers: 0, Time spent: 0ms
2025-09-11 18:44:06.206+0000 INFO  [o.n.k.i.i.s.RangeIndexProvider] [system/00000000] Schema index cleanup job closed: descriptor=Index( id=3, name='constraint_798238d6', type='RANGE', schema=(:Label[1] {PropertyKey[11], PropertyKey[12]}), indexProvider='range-1.0', owningConstraint=5 ), indexFile=C:\Users\Jayprakash Damarla\Desktop\FlawFinder Latest\backend\neo4j-community-5.15.0\data\databases\system\schema\index\range-1.0\3\index-3
2025-09-11 18:44:06.211+0000 INFO  [o.n.k.i.i.s.RangeIndexProvider] [system/00000000] Schema index cleanup job registered: descriptor=Index( id=4, name='constraint_8014b60a', type='RANGE', schema=(:Label[2] {PropertyKey[11]}), indexProvider='range-1.0', owningConstraint=6 ), indexFile=C:\Users\Jayprakash Damarla\Desktop\FlawFinder Latest\backend\neo4j-community-5.15.0\data\databases\system\schema\index\range-1.0\4\index-4
2025-09-11 18:44:06.211+0000 INFO  [o.n.k.i.i.s.RangeIndexProvider] [system/00000000] Schema index cleanup job started: descriptor=Index( id=4, name='constraint_8014b60a', type='RANGE', schema=(:Label[2] {PropertyKey[11]}), indexProvider='range-1.0', owningConstraint=6 ), indexFile=C:\Users\Jayprakash Damarla\Desktop\FlawFinder Latest\backend\neo4j-community-5.15.0\data\databases\system\schema\index\range-1.0\4\index-4
2025-09-11 18:44:06.213+0000 INFO  [o.n.k.i.i.s.RangeIndexProvider] [system/00000000] Schema index cleanup job finished: descriptor=Index( id=4, name='constraint_8014b60a', type='RANGE', schema=(:Label[2] {PropertyKey[11]}), indexProvider='range-1.0', owningConstraint=6 ), indexFile=C:\Users\Jayprakash Damarla\Desktop\FlawFinder Latest\backend\neo4j-community-5.15.0\data\databases\system\schema\index\range-1.0\4\index-4 Number of pages visited: 3, Number of tree nodes: 2, Number of cleaned crashed pointers: 0, Time spent: 0ms
2025-09-11 18:44:06.213+0000 INFO  [o.n.k.i.i.s.RangeIndexProvider] [system/00000000] Schema index cleanup job closed: descriptor=Index( id=4, name='constraint_8014b60a', type='RANGE', schema=(:Label[2] {PropertyKey[11]}), indexProvider='range-1.0', owningConstraint=6 ), indexFile=C:\Users\Jayprakash Damarla\Desktop\FlawFinder Latest\backend\neo4j-community-5.15.0\data\databases\system\schema\index\range-1.0\4\index-4
2025-09-11 18:44:06.217+0000 INFO  [o.n.k.i.i.s.RangeIndexProvider] [system/00000000] Schema index cleanup job registered: descriptor=Index( id=7, name='constraint_5789ae3', type='RANGE', schema=(:Label[3] {PropertyKey[11]}), indexProvider='range-1.0', owningConstraint=10 ), indexFile=C:\Users\Jayprakash Damarla\Desktop\FlawFinder Latest\backend\neo4j-community-5.15.0\data\databases\system\schema\index\range-1.0\7\index-7
2025-09-11 18:44:06.218+0000 INFO  [o.n.k.i.i.s.RangeIndexProvider] [system/00000000] Schema index cleanup job started: descriptor=Index( id=7, name='constraint_5789ae3', type='RANGE', schema=(:Label[3] {PropertyKey[11]}), indexProvider='range-1.0', owningConstraint=10 ), indexFile=C:\Users\Jayprakash Damarla\Desktop\FlawFinder Latest\backend\neo4j-community-5.15.0\data\databases\system\schema\index\range-1.0\7\index-7
2025-09-11 18:44:06.219+0000 INFO  [o.n.k.i.i.s.RangeIndexProvider] [system/00000000] Schema index cleanup job finished: descriptor=Index( id=7, name='constraint_5789ae3', type='RANGE', schema=(:Label[3] {PropertyKey[11]}), indexProvider='range-1.0', owningConstraint=10 ), indexFile=C:\Users\Jayprakash Damarla\Desktop\FlawFinder Latest\backend\neo4j-community-5.15.0\data\databases\system\schema\index\range-1.0\7\index-7 Number of pages visited: 3, Number of tree nodes: 2, Number of cleaned crashed pointers: 0, Time spent: 0ms
2025-09-11 18:44:06.219+0000 INFO  [o.n.k.i.i.s.RangeIndexProvider] [system/00000000] Schema index cleanup job closed: descriptor=Index( id=7, name='constraint_5789ae3', type='RANGE', schema=(:Label[3] {PropertyKey[11]}), indexProvider='range-1.0', owningConstraint=10 ), indexFile=C:\Users\Jayprakash Damarla\Desktop\FlawFinder Latest\backend\neo4j-community-5.15.0\data\databases\system\schema\index\range-1.0\7\index-7
2025-09-11 18:44:06.224+0000 INFO  [o.n.k.i.i.s.RangeIndexProvider] [system/00000000] Schema index cleanup job registered: descriptor=Index( id=8, name='constraint_74fad970', type='RANGE', schema=(:Label[3] {PropertyKey[26]}), indexProvider='range-1.0', owningConstraint=9 ), indexFile=C:\Users\Jayprakash Damarla\Desktop\FlawFinder Latest\backend\neo4j-community-5.15.0\data\databases\system\schema\index\range-1.0\8\index-8
2025-09-11 18:44:06.225+0000 INFO  [o.n.k.i.i.s.RangeIndexProvider] [system/00000000] Schema index cleanup job started: descriptor=Index( id=8, name='constraint_74fad970', type='RANGE', schema=(:Label[3] {PropertyKey[26]}), indexProvider='range-1.0', owningConstraint=9 ), indexFile=C:\Users\Jayprakash Damarla\Desktop\FlawFinder Latest\backend\neo4j-community-5.15.0\data\databases\system\schema\index\range-1.0\8\index-8
2025-09-11 18:44:06.226+0000 INFO  [o.n.k.i.i.s.RangeIndexProvider] [system/00000000] Schema index cleanup job finished: descriptor=Index( id=8, name='constraint_74fad970', type='RANGE', schema=(:Label[3] {PropertyKey[26]}), indexProvider='range-1.0', owningConstraint=9 ), indexFile=C:\Users\Jayprakash Damarla\Desktop\FlawFinder Latest\backend\neo4j-community-5.15.0\data\databases\system\schema\index\range-1.0\8\index-8 Number of pages visited: 3, Number of tree nodes: 2, Number of cleaned crashed pointers: 0, Time spent: 0ms
2025-09-11 18:44:06.226+0000 INFO  [o.n.k.i.a.i.IndexingService] [system/00000000] IndexingService.init: indexes not specifically mentioned above are ONLINE. Total 6 indexes. Processed in 83ms
2025-09-11 18:44:06.226+0000 INFO  [o.n.k.i.i.s.RangeIndexProvider] [system/00000000] Schema index cleanup job closed: descriptor=Index( id=8, name='constraint_74fad970', type='RANGE', schema=(:Label[3] {PropertyKey[26]}), indexProvider='range-1.0', owningConstraint=9 ), indexFile=C:\Users\Jayprakash Damarla\Desktop\FlawFinder Latest\backend\neo4j-community-5.15.0\data\databases\system\schema\index\range-1.0\8\index-8
2025-09-11 18:44:06.232+0000 INFO  [o.n.k.a.DatabaseAvailabilityGuard] [system/00000000] Requirement `Database unavailable` makes database system unavailable.
2025-09-11 18:44:06.233+0000 INFO  [o.n.k.a.DatabaseAvailabilityGuard] [system/00000000] DatabaseId{00000000[system]} is unavailable.
2025-09-11 18:44:06.292+0000 INFO  [o.n.k.d.Database] [system/00000000] Starting transaction log [C:\Users\Jayprakash Damarla\Desktop\FlawFinder Latest\backend\neo4j-community-5.15.0\data\transactions\system\neostore.transaction.db.0] at version=0
2025-09-11 18:44:06.295+0000 INFO  [o.n.k.d.Database] [system/00000000] Starting transaction log [C:\Users\Jayprakash Damarla\Desktop\FlawFinder Latest\backend\neo4j-community-5.15.0\data\transactions\system\checkpoint.0] at version=0
2025-09-11 18:44:06.297+0000 INFO  [o.n.k.i.t.l.f.c.CheckpointLogFile] [system/00000000] Scanning log file with version 0 for checkpoint entries
2025-09-11 18:44:06.300+0000 INFO  [o.n.k.i.a.i.IndexingService] [system/00000000] IndexingService.start: indexes not specifically mentioned above are ONLINE. Total 6 indexes. Processed in 0ms
2025-09-11 18:44:06.310+0000 INFO  [o.n.k.a.DatabaseAvailabilityGuard] [system/00000000] Fulfilling of requirement 'Database unavailable' makes database system available.
2025-09-11 18:44:06.310+0000 INFO  [o.n.k.a.DatabaseAvailabilityGuard] [system/00000000] DatabaseId{00000000[system]} is ready.
2025-09-11 18:44:06.479+0000 INFO  [o.n.s.s.s.UserSecurityGraphComponent] Performing postInitialization step for component 'security-users' with version 4 and status CURRENT
2025-09-11 18:44:06.479+0000 INFO  [o.n.s.s.s.UserSecurityGraphComponent] Updating the initial password in component 'security-users'
2025-09-11 18:44:06.491+0000 INFO  [o.n.d.d.DatabaseLifecycles] Creating 'DatabaseId{ec133b5e[neo4j]}'.
2025-09-11 18:44:06.496+0000 INFO  [o.n.d.d.DatabaseLifecycles] Starting 'DatabaseId{ec133b5e[neo4j]}'.
2025-09-11 18:44:06.508+0000 INFO  [o.n.k.i.t.l.f.c.CheckpointLogFile] [neo4j/ec133b5e] Scanning log file with version 0 for checkpoint entries
2025-09-11 18:44:06.521+0000 INFO  [o.n.k.i.s.f.RecordFormatSelector] [neo4j/ec133b5e] Selected RecordFormat:PageAlignedV5_0[aligned-1.1] record format from store C:\Users\Jayprakash Damarla\Desktop\FlawFinder Latest\backend\neo4j-community-5.15.0\data\databases\neo4j
2025-09-11 18:44:06.521+0000 INFO  [o.n.k.i.s.f.RecordFormatSelector] [neo4j/ec133b5e] Selected format from the store files: RecordFormat:PageAlignedV5_0[aligned-1.1]
2025-09-11 18:44:06.609+0000 INFO  [o.n.i.d.DiagnosticsManager] [neo4j/ec133b5e] 
                                                                [neo4j/ec133b5e] ********************************************************************************
                                                                [neo4j/ec133b5e]                               [ Database: neo4j ]                               
                                                                [neo4j/ec133b5e] ********************************************************************************
                                                                [neo4j/ec133b5e] --------------------------------------------------------------------------------
                                                                [neo4j/ec133b5e]                                   [ Version ]                                   
                                                                [neo4j/ec133b5e] --------------------------------------------------------------------------------
                                                                [neo4j/ec133b5e] DBMS: community record-aligned-1.1
                                                                [neo4j/ec133b5e] Kernel version: 5.15.0
                                                                [neo4j/ec133b5e] 
                                                                [neo4j/ec133b5e] --------------------------------------------------------------------------------
                                                                [neo4j/ec133b5e]                                 [ Store files ]                                 
                                                                [neo4j/ec133b5e] --------------------------------------------------------------------------------
                                                                [neo4j/ec133b5e] Disk space on partition (Total / Free / Free %): 254855344128 / 24187244544 / 9
                                                                [neo4j/ec133b5e] Storage files stored on file store: NTFS
                                                                [neo4j/ec133b5e] Storage files: (filename : modification date - size)
                                                                [neo4j/ec133b5e]   database_lock: 2025-09-11 18:19:20.680+0000 - 0B
                                                                [neo4j/ec133b5e]   id-buffer.tmp.0: 2025-09-11 18:21:33.673+0000 - 0B
                                                                [neo4j/ec133b5e]   neostore: 2025-09-11 18:19:20.661+0000 - 8.000KiB
                                                                [neo4j/ec133b5e]   neostore.counts.db: 2025-09-11 18:44:06.589+0000 - 40.00KiB
                                                                [neo4j/ec133b5e]   neostore.indexstats.db: 2025-09-11 18:44:06.594+0000 - 48.00KiB
                                                                [neo4j/ec133b5e]   neostore.labeltokenstore.db: 2025-09-11 18:19:20.655+0000 - 0B
                                                                [neo4j/ec133b5e]   neostore.labeltokenstore.db.id: 2025-09-11 18:44:06.577+0000 - 40.00KiB
                                                                [neo4j/ec133b5e]   neostore.labeltokenstore.db.names: 2025-09-11 18:19:20.653+0000 - 8.000KiB
                                                                [neo4j/ec133b5e]   neostore.labeltokenstore.db.names.id: 2025-09-11 18:44:06.573+0000 - 40.00KiB
                                                                [neo4j/ec133b5e]   neostore.nodestore.db: 2025-09-11 18:19:20.637+0000 - 0B
                                                                [neo4j/ec133b5e]   neostore.nodestore.db.id: 2025-09-11 18:44:06.532+0000 - 40.00KiB
                                                                [neo4j/ec133b5e]   neostore.nodestore.db.labels: 2025-09-11 18:19:20.634+0000 - 8.000KiB
                                                                [neo4j/ec133b5e]   neostore.nodestore.db.labels.id: 2025-09-11 18:44:06.525+0000 - 40.00KiB
                                                                [neo4j/ec133b5e]   neostore.propertystore.db: 2025-09-11 18:19:20.785+0000 - 8.000KiB
                                                                [neo4j/ec133b5e]   neostore.propertystore.db.arrays: 2025-09-11 18:19:20.643+0000 - 8.000KiB
                                                                [neo4j/ec133b5e]   neostore.propertystore.db.arrays.id: 2025-09-11 18:44:06.553+0000 - 40.00KiB
                                                                [neo4j/ec133b5e]   neostore.propertystore.db.id: 2025-09-11 18:44:06.558+0000 - 40.00KiB
                                                                [neo4j/ec133b5e]   neostore.propertystore.db.index: 2025-09-11 18:19:20.786+0000 - 8.000KiB
                                                                [neo4j/ec133b5e]   neostore.propertystore.db.index.id: 2025-09-11 18:44:06.543+0000 - 40.00KiB
                                                                [neo4j/ec133b5e]   neostore.propertystore.db.index.keys: 2025-09-11 18:19:20.789+0000 - 8.000KiB
                                                                [neo4j/ec133b5e]   neostore.propertystore.db.index.keys.id: 2025-09-11 18:44:06.538+0000 - 40.00KiB
                                                                [neo4j/ec133b5e]   neostore.propertystore.db.strings: 2025-09-11 18:19:20.641+0000 - 8.000KiB
                                                                [neo4j/ec133b5e]   neostore.propertystore.db.strings.id: 2025-09-11 18:44:06.548+0000 - 40.00KiB
                                                                [neo4j/ec133b5e]   neostore.relationshipgroupstore.db: 2025-09-11 18:19:20.659+0000 - 8.000KiB
                                                                [neo4j/ec133b5e]   neostore.relationshipgroupstore.db.id: 2025-09-11 18:44:06.585+0000 - 40.00KiB
                                                                [neo4j/ec133b5e]   neostore.relationshipgroupstore.degrees.db: 2025-09-11 18:44:06.591+0000 - 40.00KiB
                                                                [neo4j/ec133b5e]   neostore.relationshipstore.db: 2025-09-11 18:19:20.647+0000 - 0B
                                                                [neo4j/ec133b5e]   neostore.relationshipstore.db.id: 2025-09-11 18:44:06.562+0000 - 40.00KiB
                                                                [neo4j/ec133b5e]   neostore.relationshiptypestore.db: 2025-09-11 18:19:20.651+0000 - 0B
                                                                [neo4j/ec133b5e]   neostore.relationshiptypestore.db.id: 2025-09-11 18:44:06.569+0000 - 40.00KiB
                                                                [neo4j/ec133b5e]   neostore.relationshiptypestore.db.names: 2025-09-11 18:19:20.649+0000 - 8.000KiB
                                                                [neo4j/ec133b5e]   neostore.relationshiptypestore.db.names.id: 2025-09-11 18:44:06.566+0000 - 40.00KiB
                                                                [neo4j/ec133b5e]   neostore.schemastore.db: 2025-09-11 18:19:20.788+0000 - 8.000KiB
                                                                [neo4j/ec133b5e]   neostore.schemastore.db.id: 2025-09-11 18:44:06.581+0000 - 40.00KiB
                                                                [neo4j/ec133b5e]   schema:
                                                                [neo4j/ec133b5e]     index:
                                                                [neo4j/ec133b5e]       token-lookup-1.0:
                                                                [neo4j/ec133b5e]         1:
                                                                [neo4j/ec133b5e]           index-1: 2025-09-11 18:21:33.668+0000 - 40.00KiB
                                                                [neo4j/ec133b5e]         - Total: 2025-09-11 18:19:20.705+0000 - 40.00KiB
                                                                [neo4j/ec133b5e]         2:
                                                                [neo4j/ec133b5e]           index-2: 2025-09-11 18:21:33.671+0000 - 40.00KiB
                                                                [neo4j/ec133b5e]         - Total: 2025-09-11 18:19:20.722+0000 - 40.00KiB
                                                                [neo4j/ec133b5e]       - Total: 2025-09-11 18:19:20.721+0000 - 80.00KiB
                                                                [neo4j/ec133b5e]     - Total: 2025-09-11 18:19:20.704+0000 - 80.00KiB
                                                                [neo4j/ec133b5e]   - Total: 2025-09-11 18:19:20.703+0000 - 80.00KiB
                                                                [neo4j/ec133b5e] Storage summary: 
                                                                [neo4j/ec133b5e]   Total size of store: 856.0KiB
                                                                [neo4j/ec133b5e]   Total size of mapped files: 168.0KiB
                                                                [neo4j/ec133b5e] 
                                                                [neo4j/ec133b5e] --------------------------------------------------------------------------------
                                                                [neo4j/ec133b5e]                               [ Transaction log ]                               
                                                                [neo4j/ec133b5e] --------------------------------------------------------------------------------
                                                                [neo4j/ec133b5e] Transaction log files stored on file store: NTFS
                                                                [neo4j/ec133b5e] Transaction log metadata:
                                                                [neo4j/ec133b5e]  - current kernel version used in transactions: V5_15
                                                                [neo4j/ec133b5e]  - last committed transaction id: 3
                                                                [neo4j/ec133b5e] Transaction log files:
                                                                [neo4j/ec133b5e]  - existing transaction log versions: 0-0
                                                                [neo4j/ec133b5e]  - oldest transaction 2 found in log with version 0
                                                                [neo4j/ec133b5e]  - files: (filename : creation date - size)
                                                                [neo4j/ec133b5e]      neostore.transaction.db.0: 2025-09-11 18:19:20.683+0000 - 3.146KiB
                                                                [neo4j/ec133b5e]  - total size of files: 3.146KiB
                                                                [neo4j/ec133b5e] Checkpoint log files:
                                                                [neo4j/ec133b5e]  - existing checkpoint log versions: 0-0
                                                                [neo4j/ec133b5e]  - last checkpoint: CheckpointInfo[transactionLogPosition=LogPosition{logVersion=0, byteOffset=3222}, storeId=StoreId{creationTime=1757614760661, random=-2695572398239501743, storageEngineName='record', formatName='aligned', majorVersion=1, minorVersion=1}, checkpointEntryPosition=LogPosition{logVersion=0, byteOffset=360}, channelPositionAfterCheckpoint=LogPosition{logVersion=0, byteOffset=592}, checkpointFilePostReadPosition=LogPosition{logVersion=0, byteOffset=592}, kernelVersion=KernelVersion{V5_15,version=14}, kernelVersionByte=14, transactionId=TransactionId[transactionId=3, checksum=-112175459, commitTimestamp=1757614760694, consensusIndex=-1], reason=Checkpoint triggered by "Database shutdown" @ txId: 3]
                                                                [neo4j/ec133b5e] 
                                                                [neo4j/ec133b5e] --------------------------------------------------------------------------------
                                                                [neo4j/ec133b5e]                                   [ Id usage ]                                  
                                                                [neo4j/ec133b5e] --------------------------------------------------------------------------------
                                                                [neo4j/ec133b5e] ArrayPropertyStore[neostore.nodestore.db.labels]: used=1 high=0
                                                                [neo4j/ec133b5e] NodeStore[neostore.nodestore.db]: used=0 high=-1
                                                                [neo4j/ec133b5e] StringPropertyStore[neostore.propertystore.db.index.keys]: used=20 high=19
                                                                [neo4j/ec133b5e] PropertyIndexStore[neostore.propertystore.db.index]: used=10 high=9
                                                                [neo4j/ec133b5e] StringPropertyStore[neostore.propertystore.db.strings]: used=1 high=0
                                                                [neo4j/ec133b5e] ArrayPropertyStore[neostore.propertystore.db.arrays]: used=1 high=0
                                                                [neo4j/ec133b5e] PropertyStore[neostore.propertystore.db]: used=8 high=7
                                                                [neo4j/ec133b5e] RelationshipStore[neostore.relationshipstore.db]: used=0 high=-1
                                                                [neo4j/ec133b5e] StringPropertyStore[neostore.relationshiptypestore.db.names]: used=1 high=0
                                                                [neo4j/ec133b5e] RelationshipTypeStore[neostore.relationshiptypestore.db]: used=0 high=-1
                                                                [neo4j/ec133b5e] StringPropertyStore[neostore.labeltokenstore.db.names]: used=1 high=0
                                                                [neo4j/ec133b5e] LabelTokenStore[neostore.labeltokenstore.db]: used=0 high=-1
                                                                [neo4j/ec133b5e] SchemaStore[neostore.schemastore.db]: used=3 high=2
                                                                [neo4j/ec133b5e] RelationshipGroupStore[neostore.relationshipgroupstore.db]: used=1 high=0
                                                                [neo4j/ec133b5e] NeoStore[neostore]: used=-1 high=-1
                                                                [neo4j/ec133b5e] 
                                                                [neo4j/ec133b5e] --------------------------------------------------------------------------------
                                                                [neo4j/ec133b5e]                                   [ Metadata ]                                  
                                                                [neo4j/ec133b5e] --------------------------------------------------------------------------------
                                                                [neo4j/ec133b5e] EXTERNAL_STORE_UUID (Database identifier exposed as external store identity. Generated on creation and never updated): f200f7a9-dd67-4ace-9766-5455b849bbe0
                                                                [neo4j/ec133b5e] DATABASE_ID (The last used DatabaseId for this database): null
                                                                [neo4j/ec133b5e] LEGACY_STORE_VERSION (Legacy store format version. This field is used from 5.0 onwards only to distinguish non-migrated pre 5.0 metadata stores.): -3523014627327384477
                                                                [neo4j/ec133b5e] STORE_ID (Store ID): StoreId{creationTime=1757614760661, random=-2695572398239501743, storageEngineName='record', formatName='aligned', majorVersion=1, minorVersion=1}
                                                                [neo4j/ec133b5e] 
2025-09-11 18:44:06.615+0000 INFO  [o.n.k.i.i.s.TokenIndexProvider] [neo4j/ec133b5e] Schema index cleanup job registered: descriptor=Index( id=1, name='index_343aff4e', type='LOOKUP', schema=(:<any-labels>), indexProvider='token-lookup-1.0' ), indexFile=C:\Users\Jayprakash Damarla\Desktop\FlawFinder Latest\backend\neo4j-community-5.15.0\data\databases\neo4j\schema\index\token-lookup-1.0\1\index-1
2025-09-11 18:44:06.615+0000 INFO  [o.n.k.i.i.s.TokenIndexProvider] [neo4j/ec133b5e] Schema index cleanup job started: descriptor=Index( id=1, name='index_343aff4e', type='LOOKUP', schema=(:<any-labels>), indexProvider='token-lookup-1.0' ), indexFile=C:\Users\Jayprakash Damarla\Desktop\FlawFinder Latest\backend\neo4j-community-5.15.0\data\databases\neo4j\schema\index\token-lookup-1.0\1\index-1
2025-09-11 18:44:06.616+0000 INFO  [o.n.k.i.i.s.TokenIndexProvider] [neo4j/ec133b5e] Schema index cleanup job finished: descriptor=Index( id=1, name='index_343aff4e', type='LOOKUP', schema=(:<any-labels>), indexProvider='token-lookup-1.0' ), indexFile=C:\Users\Jayprakash Damarla\Desktop\FlawFinder Latest\backend\neo4j-community-5.15.0\data\databases\neo4j\schema\index\token-lookup-1.0\1\index-1 Number of pages visited: 2, Number of tree nodes: 1, Number of cleaned crashed pointers: 0, Time spent: 0ms
2025-09-11 18:44:06.616+0000 INFO  [o.n.k.i.i.s.TokenIndexProvider] [neo4j/ec133b5e] Schema index cleanup job closed: descriptor=Index( id=1, name='index_343aff4e', type='LOOKUP', schema=(:<any-labels>), indexProvider='token-lookup-1.0' ), indexFile=C:\Users\Jayprakash Damarla\Desktop\FlawFinder Latest\backend\neo4j-community-5.15.0\data\databases\neo4j\schema\index\token-lookup-1.0\1\index-1
2025-09-11 18:44:06.618+0000 INFO  [o.n.k.i.i.s.TokenIndexProvider] [neo4j/ec133b5e] Schema index cleanup job registered: descriptor=Index( id=2, name='index_f7700477', type='LOOKUP', schema=()-[:<any-types>]-(), indexProvider='token-lookup-1.0' ), indexFile=C:\Users\Jayprakash Damarla\Desktop\FlawFinder Latest\backend\neo4j-community-5.15.0\data\databases\neo4j\schema\index\token-lookup-1.0\2\index-2
2025-09-11 18:44:06.618+0000 INFO  [o.n.k.i.a.i.IndexingService] [neo4j/ec133b5e] IndexingService.init: indexes not specifically mentioned above are ONLINE. Total 2 indexes. Processed in 6ms
2025-09-11 18:44:06.618+0000 INFO  [o.n.k.i.i.s.TokenIndexProvider] [neo4j/ec133b5e] Schema index cleanup job started: descriptor=Index( id=2, name='index_f7700477', type='LOOKUP', schema=()-[:<any-types>]-(), indexProvider='token-lookup-1.0' ), indexFile=C:\Users\Jayprakash Damarla\Desktop\FlawFinder Latest\backend\neo4j-community-5.15.0\data\databases\neo4j\schema\index\token-lookup-1.0\2\index-2
2025-09-11 18:44:06.619+0000 INFO  [o.n.k.i.i.s.TokenIndexProvider] [neo4j/ec133b5e] Schema index cleanup job finished: descriptor=Index( id=2, name='index_f7700477', type='LOOKUP', schema=()-[:<any-types>]-(), indexProvider='token-lookup-1.0' ), indexFile=C:\Users\Jayprakash Damarla\Desktop\FlawFinder Latest\backend\neo4j-community-5.15.0\data\databases\neo4j\schema\index\token-lookup-1.0\2\index-2 Number of pages visited: 2, Number of tree nodes: 1, Number of cleaned crashed pointers: 0, Time spent: 0ms
2025-09-11 18:44:06.619+0000 INFO  [o.n.k.i.i.s.TokenIndexProvider] [neo4j/ec133b5e] Schema index cleanup job closed: descriptor=Index( id=2, name='index_f7700477', type='LOOKUP', schema=()-[:<any-types>]-(), indexProvider='token-lookup-1.0' ), indexFile=C:\Users\Jayprakash Damarla\Desktop\FlawFinder Latest\backend\neo4j-community-5.15.0\data\databases\neo4j\schema\index\token-lookup-1.0\2\index-2
2025-09-11 18:44:06.621+0000 INFO  [o.n.k.a.DatabaseAvailabilityGuard] [neo4j/ec133b5e] Requirement `Database unavailable` makes database neo4j unavailable.
2025-09-11 18:44:06.621+0000 INFO  [o.n.k.a.DatabaseAvailabilityGuard] [neo4j/ec133b5e] DatabaseId{ec133b5e[neo4j]} is unavailable.
2025-09-11 18:44:06.623+0000 INFO  [o.n.k.d.Database] [neo4j/ec133b5e] Starting transaction log [C:\Users\Jayprakash Damarla\Desktop\FlawFinder Latest\backend\neo4j-community-5.15.0\data\transactions\neo4j\neostore.transaction.db.0] at version=0
2025-09-11 18:44:06.624+0000 INFO  [o.n.k.d.Database] [neo4j/ec133b5e] Starting transaction log [C:\Users\Jayprakash Damarla\Desktop\FlawFinder Latest\backend\neo4j-community-5.15.0\data\transactions\neo4j\checkpoint.0] at version=0
2025-09-11 18:44:06.626+0000 INFO  [o.n.k.i.t.l.f.c.CheckpointLogFile] [neo4j/ec133b5e] Scanning log file with version 0 for checkpoint entries
2025-09-11 18:44:06.628+0000 INFO  [o.n.k.i.a.i.IndexingService] [neo4j/ec133b5e] IndexingService.start: indexes not specifically mentioned above are ONLINE. Total 2 indexes. Processed in 0ms
2025-09-11 18:44:06.629+0000 INFO  [o.n.k.a.DatabaseAvailabilityGuard] [neo4j/ec133b5e] Fulfilling of requirement 'Database unavailable' makes database neo4j available.
2025-09-11 18:44:06.629+0000 INFO  [o.n.k.a.DatabaseAvailabilityGuard] [neo4j/ec133b5e] DatabaseId{ec133b5e[neo4j]} is ready.
2025-09-11 18:44:06.689+0000 INFO  [o.n.b.p.c.c.n.SocketNettyConnector] Bolt enabled on localhost:7687.
2025-09-11 18:44:06.689+0000 INFO  [o.n.b.BoltServer] Bolt server started
2025-09-11 18:44:06.689+0000 INFO  [o.n.s.A.ServerComponentsLifecycleAdapter] Starting web server
2025-09-11 18:44:07.555+0000 INFO  [o.n.s.CommunityNeoWebServer] HTTP enabled on localhost:7474.
2025-09-11 18:44:07.556+0000 INFO  [o.n.s.CommunityNeoWebServer] Remote interface available at http://localhost:7474/
2025-09-11 18:44:07.556+0000 INFO  [o.n.s.A.ServerComponentsLifecycleAdapter] Web server started.
2025-09-11 18:44:07.558+0000 INFO  [o.n.g.f.DatabaseManagementServiceFactory] id: 3F94FEF19DD2F119485FE66295B254F0749B0BF210DE2728EA8803544A773755
2025-09-11 18:44:07.559+0000 INFO  [o.n.g.f.DatabaseManagementServiceFactory] name: system
2025-09-11 18:44:07.559+0000 INFO  [o.n.g.f.DatabaseManagementServiceFactory] creationDate: 2025-09-11T18:19:19.223Z
2025-09-11 18:55:32.399+0000 INFO  [o.n.g.f.DatabaseManagementServiceFactory] Shutdown started
2025-09-11 18:55:32.451+0000 INFO  [o.n.b.BoltServer] Requested Bolt server shutdown
2025-09-11 18:55:32.453+0000 INFO  [o.n.b.p.c.c.ConnectionRegistry] Stopping remaining idle connections for connector bolt
2025-09-11 18:55:32.456+0000 INFO  [o.n.b.p.c.c.ConnectionRegistry] Stopped 8 idling connections for connector bolt
2025-09-11 18:55:32.460+0000 INFO  [o.n.d.d.DatabaseLifecycles] Stopping 'DatabaseId{ec133b5e[neo4j]}'.
2025-09-11 18:55:32.474+0000 INFO  [o.n.k.a.DatabaseAvailabilityGuard] [neo4j/ec133b5e] Requirement `Database unavailable` makes database neo4j unavailable.
2025-09-11 18:55:32.474+0000 INFO  [o.n.k.a.DatabaseAvailabilityGuard] [neo4j/ec133b5e] DatabaseId{ec133b5e[neo4j]} is unavailable.
2025-09-11 18:55:32.477+0000 INFO  [o.n.k.d.Database] [neo4j/ec133b5e] Waiting for closing transactions.
2025-09-11 18:55:32.481+0000 INFO  [o.n.k.d.Database] [neo4j/ec133b5e] All transactions are closed.
2025-09-11 18:55:32.483+0000 INFO  [o.n.k.i.t.l.c.CheckPointerImpl] [neo4j/ec133b5e] Checkpoint triggered by "Database shutdown" @ txId: 15 checkpoint started...
2025-09-11 18:55:32.550+0000 INFO  [o.n.k.i.t.l.c.CheckPointerImpl] [neo4j/ec133b5e] Checkpoint triggered by "Database shutdown" @ txId: 15 checkpoint completed in 66ms. Checkpoint flushed 43 pages (0% of total available pages), in 42 IOs. Checkpoint performed with IO limit: unlimited, paused in total 0 times( 0 millis).
2025-09-11 18:55:32.554+0000 INFO  [o.n.k.i.t.l.p.LogPruningImpl] [neo4j/ec133b5e] No log version pruned. The strategy used was '2 days 2147483648 size'. 
2025-09-11 18:55:32.595+0000 INFO  [o.n.d.d.DatabaseLifecycles] Stopped 'DatabaseId{ec133b5e[neo4j]}' successfully.
2025-09-11 18:55:32.595+0000 INFO  [o.n.d.d.DatabaseLifecycles] Stopping 'DatabaseId{00000000[system]}'.
2025-09-11 18:55:32.597+0000 INFO  [o.n.k.a.DatabaseAvailabilityGuard] [system/00000000] Requirement `Database unavailable` makes database system unavailable.
2025-09-11 18:55:32.597+0000 INFO  [o.n.k.a.DatabaseAvailabilityGuard] [system/00000000] DatabaseId{00000000[system]} is unavailable.
2025-09-11 18:55:32.598+0000 INFO  [o.n.k.d.Database] [system/00000000] Waiting for closing transactions.
2025-09-11 18:55:32.598+0000 INFO  [o.n.k.d.Database] [system/00000000] All transactions are closed.
2025-09-11 18:55:32.598+0000 INFO  [o.n.k.i.t.l.c.CheckPointerImpl] [system/00000000] Checkpoint triggered by "Database shutdown" @ txId: 38 checkpoint started...
2025-09-11 18:55:32.634+0000 INFO  [o.n.k.i.t.l.c.CheckPointerImpl] [system/00000000] Checkpoint triggered by "Database shutdown" @ txId: 38 checkpoint completed in 35ms. Checkpoint flushed 32 pages (0% of total available pages), in 31 IOs. Checkpoint performed with IO limit: unlimited, paused in total 0 times( 0 millis).
2025-09-11 18:55:32.634+0000 INFO  [o.n.k.i.t.l.p.LogPruningImpl] [system/00000000] No log version pruned. The strategy used was '2 days 2147483648 size'. 
2025-09-11 18:55:32.666+0000 INFO  [o.n.d.d.DatabaseLifecycles] Stopped 'DatabaseId{00000000[system]}' successfully.
2025-09-11 18:55:32.668+0000 INFO  [o.n.b.BoltServer] Shutting down Bolt server
2025-09-11 18:55:32.668+0000 INFO  [o.n.b.p.c.c.ConnectionRegistry] Stopping 0 connections for connector bolt
2025-09-11 18:55:32.669+0000 INFO  [o.n.b.p.c.c.ConnectionRegistry] Stopped all remaining connections for connector bolt
2025-09-11 18:55:37.524+0000 INFO  [o.n.b.BoltServer] Bolt server has been shut down
